id	commune_name_ascii	commune_name	daira_code	daira_name_ascii	daira_name	wilaya_code	wilaya_name_ascii	wilaya_name
1	Adrar	兀丿乇丕乇	101	Adrar	兀丿乇丕乇	01	Adrar	兀丿乇丕乇
6	Bouda	亘賵丿丞	101	Adrar	兀丿乇丕乇	01	Adrar	兀丿乇丕乇
13	Ouled Ahmed Timmi	兀賵賱丕丿 兀丨賲丿 鬲賷賲賷	101	Adrar	兀丿乇丕乇	01	Adrar	兀丿乇丕乇
16	Reggane	乇賯丕賳	104	Reggane	乇賯丕賳	01	Adrar	兀丿乇丕乇
17	Sali	爻丕賱賷	104	Reggane	乇賯丕賳	01	Adrar	兀丿乇丕乇
18	Sebaa	丕賱爻亘毓	108	Tsabit	鬲爻丕亘賷鬲	01	Adrar	兀丿乇丕乇
27	Tsabit	鬲爻丕亘賷鬲	108	Tsabit	鬲爻丕亘賷鬲	01	Adrar	兀丿乇丕乇
10	In Zghmir	廿賳 夭睾賲賷乇	111	Zaouiat Kounta	夭丕賵賷丞 賰賳鬲丞	01	Adrar	兀丿乇丕乇
28	Zaouiet Kounta	夭丕賵賷丞 賰賳鬲丞	111	Zaouiat Kounta	夭丕賵賷丞 賰賳鬲丞	01	Adrar	兀丿乇丕乇
2	Akabli	丕賯亘賱賷	112	Aoulef	兀賵賱賮	01	Adrar	兀丿乇丕乇
4	Aoulef	兀賵賱賮	112	Aoulef	兀賵賱賮	01	Adrar	兀丿乇丕乇
22	Timekten	鬲賷賲賯鬲賳	112	Aoulef	兀賵賱賮	01	Adrar	兀丿乇丕乇
26	Tit	鬲賷鬲	112	Aoulef	兀賵賱賮	01	Adrar	兀丿乇丕乇
9	Fenoughil	賮賳賵睾賷賱	115	Fenoughil	賮賳賵睾賷賱	01	Adrar	兀丿乇丕乇
20	Tamantit	鬲丕賲賳胤賷胤	115	Fenoughil	賮賳賵睾賷賱	01	Adrar	兀丿乇丕乇
21	Tamest	鬲丕賲爻鬲	115	Fenoughil	賮賳賵睾賷賱	01	Adrar	兀丿乇丕乇
39	Chlef	丕賱卮賱賮	201	Chlef	丕賱卮賱賮	02	Chlef	 丕賱卮賱賮
54	Oum Drou	兀賲 丕賱丿乇賵毓	201	Chlef	丕賱卮賱賮	02	Chlef	 丕賱卮賱賮
55	Sendjas	爻賳噩丕爻	201	Chlef	丕賱卮賱賮	02	Chlef	 丕賱卮賱賮
56	Sidi Abderrahmane	爻賷丿賷 毓亘丿 丕賱乇丨賲賳	202	Tenes	鬲賳爻	02	Chlef	 丕賱卮賱賮
57	Sidi Akkacha	爻賷丿賷 毓賰丕卮丞	202	Tenes	鬲賳爻	02	Chlef	 丕賱卮賱賮
62	Tenes	鬲賳爻	202	Tenes	鬲賳爻	02	Chlef	 丕賱卮賱賮
32	Beni  Bouattab	亘賳賷 亘賵毓鬲丕亘	204	El Karimia	丕賱賰乇賷賲賷丞	02	Chlef	 丕賱卮賱賮
42	El Karimia	丕賱賰乇賷賲賷丞	204	El Karimia	丕賱賰乇賷賲賷丞	02	Chlef	 丕賱卮賱賮
44	Harchoun	丨乇卮賵賳	204	El Karimia	丕賱賰乇賷賲賷丞	02	Chlef	 丕賱卮賱賮
40	Dahra	丕賱馗賴乇丞	206	Taougrit	鬲丕賵賯乇賷鬲	02	Chlef	 丕賱卮賱賮
61	Taougrit	鬲丕賵賯乇賷鬲	206	Taougrit	鬲丕賵賯乇賷鬲	02	Chlef	 丕賱卮賱賮
33	Beni Haoua	亘賳賷 丨賵丕亍	207	Beni Haoua	亘賳賷 丨賵丕亍	02	Chlef	 丕賱卮賱賮
37	Breira	亘乇賷乇丞	207	Beni Haoua	亘賳賷 丨賵丕亍	02	Chlef	 丕賱卮賱賮
49	Oued Goussine	賵丕丿賷 賯賵爻賷賳	207	Beni Haoua	亘賳賷 丨賵丕亍	02	Chlef	 丕賱卮賱賮
38	Chettia	丕賱卮胤賷丞	210	Ouled Fares	兀賵賱丕丿 賮丕乇爻	02	Chlef	 丕賱卮賱賮
46	Labiod Medjadja	丕賱兀亘賷囟 賲噩丕噩丞	210	Ouled Fares	兀賵賱丕丿 賮丕乇爻	02	Chlef	 丕賱卮賱賮
53	Ouled Fares	兀賵賱丕丿 賮丕乇爻	210	Ouled Fares	兀賵賱丕丿 賮丕乇爻	02	Chlef	 丕賱卮賱賮
35	Boukadir	亘賵賯丕丿賷乇	212	Boukadir	亘賵賯丕丿賷乇	02	Chlef	 丕賱卮賱賮
50	Oued Sly	賵丕丿賷 爻賱賷	212	Boukadir	亘賵賯丕丿賷乇	02	Chlef	 丕賱卮賱賮
58	Sobha	丕賱氐亘丨丞	212	Boukadir	亘賵賯丕丿賷乇	02	Chlef	 丕賱卮賱賮
31	Benairia	亘賳丕賷乇賷丞	220	Zeboudja	丕賱夭亘賵噩丞	02	Chlef	 丕賱卮賱賮
36	Bouzeghaia	亘賵夭睾丕賷丞	220	Zeboudja	丕賱夭亘賵噩丞	02	Chlef	 丕賱卮賱賮
63	Zeboudja	丕賱夭亘賵噩丞	220	Zeboudja	丕賱夭亘賵噩丞	02	Chlef	 丕賱卮賱賮
29	Abou El Hassane	兀亘賵 丕賱丨爻賳	222	Abou El Hassane	兀亘賵 丕賱丨爻賳	02	Chlef	 丕賱卮賱賮
59	Tadjena	鬲丕噩賳丞	222	Abou El Hassane	兀亘賵 丕賱丨爻賳	02	Chlef	 丕賱卮賱賮
60	Talassa	鬲賱毓氐丞	222	Abou El Hassane	兀亘賵 丕賱丨爻賳	02	Chlef	 丕賱卮賱賮
43	El Marsa	丕賱賲乇爻賶	223	El Marsa	丕賱賲乇爻賶	02	Chlef	 丕賱卮賱賮
47	Moussadek	賲氐丿賯	223	El Marsa	丕賱賲乇爻賶	02	Chlef	 丕賱卮賱賮
34	Beni Rached	亘賳賷 乇丕卮丿	229	Oued Fodda	賵丕丿賷 丕賱賮囟丞	02	Chlef	 丕賱卮賱賮
48	Oued Fodda	賵丕丿賷 丕賱賮囟丞	229	Oued Fodda	賵丕丿賷 丕賱賮囟丞	02	Chlef	 丕賱卮賱賮
51	Ouled Abbes	兀賵賱丕丿 毓亘丕爻	229	Oued Fodda	賵丕丿賷 丕賱賮囟丞	02	Chlef	 丕賱卮賱賮
41	El Hadjadj	丕賱丨噩丕噩	230	Ouled Ben Abdelkader	兀賵賱丕丿 亘賳 毓亘丿 丕賱賯丕丿乇	02	Chlef	 丕賱卮賱賮
52	Ouled Ben Abdelkader	兀賵賱丕丿 亘賳 毓亘丿 丕賱賯丕丿乇	230	Ouled Ben Abdelkader	兀賵賱丕丿 亘賳 毓亘丿 丕賱賯丕丿乇	02	Chlef	 丕賱卮賱賮
30	Ain Merane	毓賷賳 賲乇丕賳	232	Ain Merane	毓賷賳 賲乇丕賳	02	Chlef	 丕賱卮賱賮
45	Herenfa	丕賱賴乇丕賳賮丞	232	Ain Merane	毓賷賳 賲乇丕賳	02	Chlef	 丕賱卮賱賮
79	Laghouat	丕賱兀睾賵丕胤	301	Laghouat	丕賱兀睾賵丕胤	03	Laghouat	丕賱兀睾賵丕胤
68	Benacer Benchohra	亘賳 賳丕氐乇 亘賳 卮賴乇丞	302	Ksar El Hirane	賯氐乇 丕賱丨賷乇丕賳	03	Laghouat	丕賱兀睾賵丕胤
78	Ksar El Hirane	賯氐乇 丕賱丨賷乇丕賳	302	Ksar El Hirane	賯氐乇 丕賱丨賷乇丕賳	03	Laghouat	丕賱兀睾賵丕胤
70	El Assafia	丕賱毓爻丕賮賷丞	304	Sidi Makhlouf	爻賷丿賷 賲禺賱賵賮	03	Laghouat	丕賱兀睾賵丕胤
84	Sidi Makhlouf	爻賷丿賷 賲禺賱賵賮	304	Sidi Makhlouf	爻賷丿賷 賲禺賱賵賮	03	Laghouat	丕賱兀睾賵丕胤
75	Hassi Delaa	丨丕爻賷 丕賱丿賱丕毓丞	306	Hassi R'mel	丨丕爻賷 丕賱乇賲賱	03	Laghouat	丕賱兀睾賵丕胤
76	Hassi R'mel	丨丕爻賷 丕賱乇賲賱	306	Hassi R'mel	丨丕爻賷 丕賱乇賲賱	03	Laghouat	丕賱兀睾賵丕胤
65	Ain Madhi	毓賷賳 賲丕囟賷	307	Ain Madhi	毓賷賳 賲丕囟賷	03	Laghouat	丕賱兀睾賵丕胤
72	El Haouaita	丕賱丨賵賷胤丞	307	Ain Madhi	毓賷賳 賲丕囟賷	03	Laghouat	丕賱兀睾賵丕胤
77	Kheneg	丕賱禺賳賯	307	Ain Madhi	毓賷賳 賲丕囟賷	03	Laghouat	丕賱兀睾賵丕胤
85	Tadjemout	鬲丕噩賲賵鬲	307	Ain Madhi	毓賷賳 賲丕囟賷	03	Laghouat	丕賱兀睾賵丕胤
86	Tadjrouna	鬲丕噩乇賵賳丞	307	Ain Madhi	毓賷賳 賲丕囟賷	03	Laghouat	丕賱兀睾賵丕胤
66	Ain Sidi Ali	毓賷賳 爻賷丿賷 毓賱賷	310	Gueltat Sidi Saad	賯鬲賱丞 爻賷丿賷 爻毓賷丿	03	Laghouat	丕賱兀睾賵丕胤
67	El Beidha	丕賱亘賷囟丕亍	310	Gueltat Sidi Saad	賯鬲賱丞 爻賷丿賷 爻毓賷丿	03	Laghouat	丕賱兀睾賵丕胤
73	Gueltat Sidi Saad	賯賱鬲丞 爻賷丿賷 爻毓丿	310	Gueltat Sidi Saad	賯鬲賱丞 爻賷丿賷 爻毓賷丿	03	Laghouat	丕賱兀睾賵丕胤
69	Brida	亘乇賷丿丞	313	Brida	亘乇賷丿丞	03	Laghouat	丕賱兀睾賵丕胤
74	Hadj Mechri	丕賱丨丕噩 賲卮乇賷	313	Brida	亘乇賷丿丞	03	Laghouat	丕賱兀睾賵丕胤
87	Taouiala	鬲丕賵賷丕賱丞	313	Brida	亘乇賷丿丞	03	Laghouat	丕賱兀睾賵丕胤
71	El Ghicha	丕賱睾賷卮丞	314	El Ghicha	丕賱睾賷卮丞	03	Laghouat	丕賱兀睾賵丕胤
64	Aflou	兀賮賱賵	319	Aflou	兀賮賱賵	03	Laghouat	丕賱兀睾賵丕胤
82	Sebgag	爻亘賯丕賯	319	Aflou	兀賮賱賵	03	Laghouat	丕賱兀睾賵丕胤
83	Sidi Bouzid	爻賷丿賷 亘賵夭賷丿	319	Aflou	兀賮賱賵	03	Laghouat	丕賱兀睾賵丕胤
80	Oued Morra	賵丕丿賷 賲乇丞	321	Oued Morra	賵丕丿賷 賲乇丞	03	Laghouat	丕賱兀睾賵丕胤
81	Oued M'zi	賵丕丿賷 賲夭賷	321	Oued Morra	賵丕丿賷 賲乇丞	03	Laghouat	丕賱兀睾賵丕胤
94	Ain Zitoun	毓賷賳 丕賱夭賷鬲賵賳	401	Oum El Bouaghi	兀賲 丕賱亘賵丕賯賷	04	Oum El Bouaghi	兀賲 丕賱亘賵丕賯賷
112	Oum El Bouaghi	兀賲 丕賱亘賵丕賯賷	401	Oum El Bouaghi	兀賲 丕賱亘賵丕賯賷	04	Oum El Bouaghi	兀賲 丕賱亘賵丕賯賷
89	Ain Beida	毓賷賳 丕賱亘賷囟丕亍	402	Ain Beida	毓賷賳 丕賱亘賷囟丕亍	04	Oum El Bouaghi	兀賲 丕賱亘賵丕賯賷
96	Berriche	亘乇賷卮	402	Ain Beida	毓賷賳 丕賱亘賷囟丕亍	04	Oum El Bouaghi	兀賲 丕賱亘賵丕賯賷
116	Zorg	丕賱夭乇賯	402	Ain Beida	毓賷賳 丕賱亘賷囟丕亍	04	Oum El Bouaghi	兀賲 丕賱亘賵丕賯賷
93	Ain M'lila	毓賷賳 賲賱賷賱丞	403	Ain M'lila	毓賷賳 賲賱賷賱丞	04	Oum El Bouaghi	兀賲 丕賱亘賵丕賯賷
109	Ouled Gacem	兀賵賱丕丿 賯丕爻賲	403	Ain M'lila	毓賷賳 賲賱賷賱丞	04	Oum El Bouaghi	兀賲 丕賱亘賵丕賯賷
110	Ouled Hamla	兀賵賱丕丿 丨賲賱丞	403	Ain M'lila	毓賷賳 賲賱賷賱丞	04	Oum El Bouaghi	兀賲 丕賱亘賵丕賯賷
99	El Amiria	丕賱毓丕賲乇賷丞	406	Sigus	爻賷賯賵爻	04	Oum El Bouaghi	兀賲 丕賱亘賵丕賯賷
114	Sigus	爻賷賯賵爻	406	Sigus	爻賷賯賵爻	04	Oum El Bouaghi	兀賲 丕賱亘賵丕賯賷
88	Ain Babouche	毓賷賳 亘亘賵卮	408	Ain Babouche	毓賷賳 亘亘賵卮	04	Oum El Bouaghi	兀賲 丕賱亘賵丕賯賷
90	Ain Diss	毓賷賳 丕賱丿賷爻	408	Ain Babouche	毓賷賳 亘亘賵卮	04	Oum El Bouaghi	兀賲 丕賱亘賵丕賯賷
98	Dhalaa	丕賱囟賱毓丞	411	Dhalaa	丕賱囟賱毓丞	04	Oum El Bouaghi	兀賲 丕賱亘賵丕賯賷
101	El Djazia	丕賱噩丕夭賷丞	411	Dhalaa	丕賱囟賱毓丞	04	Oum El Bouaghi	兀賲 丕賱亘賵丕賯賷
92	Ain Kercha	毓賷賳 賰乇卮丞	412	Ain Kercha	毓賷賳 賰乇卮丞	04	Oum El Bouaghi	兀賲 丕賱亘賵丕賯賷
103	El Harmilia	丕賱丨乇賲賱賷丞	412	Ain Kercha	毓賷賳 賰乇卮丞	04	Oum El Bouaghi	兀賲 丕賱亘賵丕賯賷
105	Hanchir Toumghani	賴賳卮賷乇 鬲賵賲睾賳賷	412	Ain Kercha	毓賷賳 賰乇卮丞	04	Oum El Bouaghi	兀賲 丕賱亘賵丕賯賷
104	Fkirina	賮賰賷乇賷賳丞	416	F'kirina	賮賰賷乇賷賳丞	04	Oum El Bouaghi	兀賲 丕賱亘賵丕賯賷
108	Oued Nini	賵丕丿賷 賳賷賳賷	416	F'kirina	賮賰賷乇賷賳丞	04	Oum El Bouaghi	兀賲 丕賱亘賵丕賯賷
97	Bir Chouhada	亘卅乇 丕賱卮賴丿丕亍	417	Souk Naamane	爻賵賯 賳毓賲丕賳	04	Oum El Bouaghi	兀賲 丕賱亘賵丕賯賷
111	Ouled Zouai	兀賵賱丕丿 夭賵丕賷	417	Souk Naamane	爻賵賯 賳毓賲丕賳	04	Oum El Bouaghi	兀賲 丕賱亘賵丕賯賷
115	Souk Naamane	爻賵賯 賳毓賲丕賳	417	Souk Naamane	爻賵賯 賳毓賲丕賳	04	Oum El Bouaghi	兀賲 丕賱亘賵丕賯賷
106	Ksar Sbahi	賯氐乇 丕賱氐亘丕丨賷	422	Ksar Sbahi	賯氐乇 丕賱氐亘丕丨賷	04	Oum El Bouaghi	兀賲 丕賱亘賵丕賯賷
95	Behir Chergui	亘丨賷乇 丕賱卮乇賯賷	424	Meskiana	賲爻賰賷丕賳丞	04	Oum El Bouaghi	兀賲 丕賱亘賵丕賯賷
100	El Belala	丕賱亘賱丕賱丞	424	Meskiana	賲爻賰賷丕賳丞	04	Oum El Bouaghi	兀賲 丕賱亘賵丕賯賷
107	Meskiana	賲爻賰賷丕賳丞	424	Meskiana	賲爻賰賷丕賳丞	04	Oum El Bouaghi	兀賲 丕賱亘賵丕賯賷
113	Rahia	丕賱乇丨賷丞	424	Meskiana	賲爻賰賷丕賳丞	04	Oum El Bouaghi	兀賲 丕賱亘賵丕賯賷
91	Ain Fekroun	毓賷賳 賮賰乇賵賳	425	Ain Fekroun	毓賷賳 賮賰乇賵賳	04	Oum El Bouaghi	兀賲 丕賱亘賵丕賯賷
102	El Fedjoudj Boughrara Sa	丕賱賮噩賵噩 亘賵睾乇丕乇丞 爻毓賵丿賷	425	Ain Fekroun	毓賷賳 賮賰乇賵賳	04	Oum El Bouaghi	兀賲 丕賱亘賵丕賯賷
123	Batna	亘丕鬲賳丞	501	Batna	亘丕鬲賳丞	05	Batna	亘丕鬲賳丞
136	Fesdis	賮爻丿賷爻	501	Batna	亘丕鬲賳丞	05	Batna	亘丕鬲賳丞
154	Oued Chaaba	賵丕丿賷 丕賱卮毓亘丞	501	Batna	亘丕鬲賳丞	05	Batna	亘丕鬲賳丞
141	Hidoussa	丨賷丿賵爻丞	504	Merouana	賲乇賵丕賳丞	05	Batna	亘丕鬲賳丞
145	Ksar Bellezma	賯氐乇 亘賱夭賲丞	504	Merouana	賲乇賵丕賳丞	05	Batna	亘丕鬲賳丞
152	Merouana	賲乇賵丕賳丞	504	Merouana	賲乇賵丕賳丞	05	Batna	亘丕鬲賳丞
155	Oued El Ma	賵丕丿賷 丕賱賲丕亍	504	Merouana	賲乇賵丕賳丞	05	Batna	亘丕鬲賳丞
147	Lazrou	賱丕夭乇賵	505	Seriana	爻乇賷丕賳丞	05	Batna	亘丕鬲賳丞
167	Seriana	爻乇賷丕賳丞	505	Seriana	爻乇賷丕賳丞	05	Batna	亘丕鬲賳丞
177	Zanet El Beida	夭丕賳丞 丕賱亘賷囟丕亍	505	Seriana	爻乇賷丕賳丞	05	Batna	亘丕鬲賳丞
151	Menaa	賲賳毓丞	506	Menaa	賲賳毓丞	05	Batna	亘丕鬲賳丞
174	Tigharghar	鬲睾乇睾丕乇	506	Menaa	賲賳毓丞	05	Batna	亘丕鬲賳丞
119	Ain Yagout	毓賷賳 賷丕賯賵鬲	507	El Madher	丕賱賲毓匕乇	05	Batna	亘丕鬲賳丞
128	Boumia	亘賵賲賷丞	507	El Madher	丕賱賲毓匕乇	05	Batna	亘丕鬲賳丞
132	Djerma	噩乇賲丞	507	El Madher	丕賱賲毓匕乇	05	Batna	亘丕鬲賳丞
135	El Madher	丕賱賲毓匕乇	507	El Madher	丕賱賲毓匕乇	05	Batna	亘丕鬲賳丞
162	Ouyoun El Assafir	毓賷賵賳 丕賱毓氐丕賮賷乇	508	Tazoult	鬲丕夭賵賱鬲	05	Batna	亘丕鬲賳丞
171	Tazoult	鬲丕夭賵賱鬲	508	Tazoult	鬲丕夭賵賱鬲	05	Batna	亘丕鬲賳丞
127	Boumagueur	亘賵賲賯乇	509	N'gaous	賳賯丕賵爻	05	Batna	亘丕鬲賳丞
153	N Gaous	賳賯丕賵爻	509	N'gaous	賳賯丕賵爻	05	Batna	亘丕鬲賳丞
165	Sefiane	爻賮賷丕賳	509	N'gaous	賳賯丕賵爻	05	Batna	亘丕鬲賳丞
120	Arris	兀乇賷爻	516	Arris	兀乇賷爻	05	Batna	亘丕鬲賳丞
173	Tighanimine	鬲賷睾丕賳賲賷賳	516	Arris	兀乇賷爻	05	Batna	亘丕鬲賳丞
117	Ain Djasser	毓賷賳 噩丕爻乇	519	Ain Djasser	毓賷賳 噩丕爻乇	05	Batna	亘丕鬲賳丞
134	El Hassi	丕賱丨丕爻賷	519	Ain Djasser	毓賷賳 噩丕爻乇	05	Batna	亘丕鬲賳丞
166	Seggana	爻賯丕賳丞	529	Seggana	爻賯丕賳丞	05	Batna	亘丕鬲賳丞
175	Tilatou	鬲賷賱丕胤賵	529	Seggana	爻賯丕賳丞	05	Batna	亘丕鬲賳丞
137	Foum Toub	賮賲 丕賱胤賵亘	530	Ichemoul	廿卮賲賵賱	05	Batna	亘丕鬲賳丞
142	Ichemoul	廿卮賲賵賱	530	Ichemoul	廿卮賲賵賱	05	Batna	亘丕鬲賳丞
143	Inoughissen	廿賷賳賵睾賷爻賳	530	Ichemoul	廿卮賲賵賱	05	Batna	亘丕鬲賳丞
129	Bouzina	亘賵夭賷賳丞	535	Bouzina	亘賵夭賷賳丞	05	Batna	亘丕鬲賳丞
146	Larbaa	賱丕乇亘丕毓	535	Bouzina	亘賵夭賷賳丞	05	Batna	亘丕鬲賳丞
126	Boulhilat	亘賵賱賴賷賱丕鬲	536	Chemora	丕賱卮賲乇丞	05	Batna	亘丕鬲賳丞
130	Chemora	丕賱卮賲乇丞	536	Chemora	丕賱卮賲乇丞	05	Batna	亘丕鬲賳丞
122	Barika	亘乇賷賰丞	542	Barika	亘乇賷賰丞	05	Batna	亘丕鬲賳丞
125	Bitam	亘賷胤丕賲	542	Barika	亘乇賷賰丞	05	Batna	亘丕鬲賳丞
149	M Doukal	廿賲丿賵賰賱	542	Barika	亘乇賷賰丞	05	Batna	亘丕鬲賳丞
121	Azil Abedelkader	毓夭賷賱 毓亘丿 丕賱賯丕丿乇	543	Djezzar	丕賱噩夭丕乇	05	Batna	亘丕鬲賳丞
133	Djezzar	丕賱噩夭丕乇	543	Djezzar	丕賱噩夭丕乇	05	Batna	亘丕鬲賳丞
157	Ouled Ammar	兀賵賱丕丿 毓賲丕乇	543	Djezzar	丕賱噩夭丕乇	05	Batna	亘丕鬲賳丞
138	Ghassira	睾爻賷乇丞	544	Tkout	鬲賰賵鬲	05	Batna	亘丕鬲賳丞
144	Kimmel	賰賷賲賱	544	Tkout	鬲賰賵鬲	05	Batna	亘丕鬲賳丞
168	T Kout	鬲賰賵鬲	544	Tkout	鬲賰賵鬲	05	Batna	亘丕鬲賳丞
118	Ain Touta	毓賷賳 丕賱鬲賵鬲丞	545	Ain Touta	毓賷賳 丕賱鬲賵鬲丞	05	Batna	亘丕鬲賳丞
124	Beni Foudhala El Hakania	亘賳賷 賮囟丕賱丞 丕賱丨賯丕賳賷丞	545	Ain Touta	毓賷賳 丕賱鬲賵鬲丞	05	Batna	亘丕鬲賳丞
150	Maafa	賲毓丕賮丞	545	Ain Touta	毓賷賳 丕賱鬲賵鬲丞	05	Batna	亘丕鬲賳丞
158	Ouled Fadel	兀賵賱丕丿 賮丕囟賱	545	Ain Touta	毓賷賳 丕賱鬲賵鬲丞	05	Batna	亘丕鬲賳丞
131	Chir	卮賷乇	547	Theniet El Abed	孬賳賷丞 丕賱毓丕亘丿	05	Batna	亘丕鬲賳丞
156	Oued Taga	賵丕丿賷 丕賱胤丕賯丞	547	Theniet El Abed	孬賳賷丞 丕賱毓丕亘丿	05	Batna	亘丕鬲賳丞
172	Teniet El Abed	孬賳賷丞 丕賱毓丕亘丿	547	Theniet El Abed	孬賳賷丞 丕賱毓丕亘丿	05	Batna	亘丕鬲賳丞
159	Ouled Sellem	兀賵賱丕丿 爻賱丕賲	551	Ras El Aioun	乇兀爻 丕賱毓賷賵賳	05	Batna	亘丕鬲賳丞
163	Rahbat	丕賱乇丨亘丕鬲	551	Ras El Aioun	乇兀爻 丕賱毓賷賵賳	05	Batna	亘丕鬲賳丞
164	Ras El Aioun	乇兀爻 丕賱毓賷賵賳	551	Ras El Aioun	乇兀爻 丕賱毓賷賵賳	05	Batna	亘丕鬲賳丞
169	Talkhamt	鬲丕賱禺賲鬲	551	Ras El Aioun	乇兀爻 丕賱毓賷賵賳	05	Batna	亘丕鬲賳丞
148	Lemcene	賱賲爻丕賳	553	Ouled Si Slimane	兀賵賱丕丿 爻賷 爻賱賷賲丕賳	05	Batna	亘丕鬲賳丞
161	Ouled Si Slimane	兀賵賱丕丿 爻賷 爻賱賷賲丕賳	553	Ouled Si Slimane	兀賵賱丕丿 爻賷 爻賱賷賲丕賳	05	Batna	亘丕鬲賳丞
170	Taxlent	鬲丕賰爻賱丕賳鬲	553	Ouled Si Slimane	兀賵賱丕丿 爻賷 爻賱賷賲丕賳	05	Batna	亘丕鬲賳丞
187	Bejaia	亘噩丕賷丞	601	Bejaia	亘噩丕賷丞	06	B茅ja茂a	 亘噩丕賷丞
210	Oued Ghir	賵丕丿賷 睾賷乇	601	Bejaia	亘噩丕賷丞	06	B茅ja茂a	 亘噩丕賷丞
184	Amizour	兀賲賷夭賵乇	602	Amizour	兀賲賷夭賵乇	06	B茅ja茂a	 亘噩丕賷丞
188	Beni Djellil	亘賳賷 噩賱賷賱	602	Amizour	兀賲賷夭賵乇	06	B茅ja茂a	 亘噩丕賷丞
202	Feraoun	賮乇毓賵賳	602	Amizour	兀賲賷夭賵乇	06	B茅ja茂a	 亘噩丕賷丞
214	Smaoun	爻賲毓賵賳	602	Amizour	兀賲賷夭賵乇	06	B茅ja茂a	 亘噩丕賷丞
226	Timezrit	鬲賷賲夭乇賷鬲	607	Timezrit	鬲賷賲夭乇賷鬲	06	B茅ja茂a	 亘噩丕賷丞
209	Melbou	賲丕賱亘賵	608	Souk El Tenine	爻賵賯 丕賱廿孬賳賷賳	06	B茅ja茂a	 亘噩丕賷丞
215	Souk El Tenine	爻賵賯 賱廿孬賳賷賳	608	Souk El Tenine	爻賵賯 丕賱廿孬賳賷賳	06	B茅ja茂a	 亘噩丕賷丞
219	Tamridjet	鬲丕賲乇賷噩鬲	608	Souk El Tenine	爻賵賯 丕賱廿孬賳賷賳	06	B茅ja茂a	 亘噩丕賷丞
194	Boukhelifa	亘賵禺賱賷賮丞	611	Tichy	鬲賷卮賷	06	B茅ja茂a	 亘噩丕賷丞
217	Tala Hamza	鬲丕賱丞 丨賲夭丞	611	Tichy	鬲賷卮賷	06	B茅ja茂a	 亘噩丕賷丞
224	Tichy	鬲賷卮賷	611	Tichy	鬲賷卮賷	06	B茅ja茂a	 亘噩丕賷丞
179	Ait R'zine	兀賷鬲 乇夭賷賳	617	Ighil Ali	廿睾賷賱 毓賱賷	06	B茅ja茂a	 亘噩丕賷丞
204	Ighil-Ali	廿睾賷賱 毓賱賷	617	Ighil Ali	廿睾賷賱 毓賱賷	06	B茅ja茂a	 亘噩丕賷丞
180	Ait-Smail	兀賷鬲 廿爻賲丕毓賷賱	620	Darguina	丿乇賯賷賳丞	06	B茅ja茂a	 亘噩丕賷丞
197	Darguina	丿乇賯賷賳丞	620	Darguina	丿乇賯賷賳丞	06	B茅ja茂a	 亘噩丕賷丞
221	Taskriout	鬲丕爻賰乇賷賵鬲	620	Darguina	丿乇賯賷賳丞	06	B茅ja茂a	 亘噩丕賷丞
185	Aokas	兀賵賯丕爻	622	Aokas	兀賵賯丕爻	06	B茅ja茂a	 亘噩丕賷丞
228	Tizi-N'berber	鬲賷夭賷 賳亘乇亘乇	622	Aokas	兀賵賯丕爻	06	B茅ja茂a	 亘噩丕賷丞
178	Adekar	兀丿賰丕乇	624	Adekar	兀丿賰丕乇	06	B茅ja茂a	 亘噩丕賷丞
189	Beni K'sila	亘賳賷 賰爻賷賱丞	624	Adekar	兀丿賰丕乇	06	B茅ja茂a	 亘噩丕賷丞
220	Taourit Ighil	鬲丕賵乇賷乇鬲 廿睾賷賱	624	Adekar	兀丿賰丕乇	06	B茅ja茂a	 亘噩丕賷丞
181	Akbou	兀賯亘賵	625	Akbou	兀賯亘賵	06	B茅ja茂a	 亘噩丕賷丞
195	Chellata	卮賱丕胤丞	625	Akbou	兀賯亘賵	06	B茅ja茂a	 亘噩丕賷丞
205	Ighram	丕睾乇賲	625	Akbou	兀賯亘賵	06	B茅ja茂a	 亘噩丕賷丞
218	Tamokra	鬲丕賲賯乇丞	625	Akbou	兀賯亘賵	06	B茅ja茂a	 亘噩丕賷丞
183	Amalou	兀賲丕賱賵	626	Seddouk	氐丿賵賯	06	B茅ja茂a	 亘噩丕賷丞
193	Bouhamza	亘賵丨賲夭丞	626	Seddouk	氐丿賵賯	06	B茅ja茂a	 亘噩丕賷丞
208	M'cisna	賲爻賷爻賳丞	626	Seddouk	氐丿賵賯	06	B茅ja茂a	 亘噩丕賷丞
211	Seddouk	氐丿賵賯	626	Seddouk	氐丿賵賯	06	B茅ja茂a	 亘噩丕賷丞
190	Beni-Mallikeche	亘賳賷 賲賱賷賰卮	627	Tazmalt	鬲丕夭賲賱鬲	06	B茅ja茂a	 亘噩丕賷丞
192	Boudjellil	亘賵 噩賱賷賱	627	Tazmalt	鬲丕夭賲賱鬲	06	B茅ja茂a	 亘噩丕賷丞
222	Tazmalt	鬲丕夭賲丕賱鬲	627	Tazmalt	鬲丕夭賲賱鬲	06	B茅ja茂a	 亘噩丕賷丞
182	Akfadou	兀賰賮丕丿賵	629	Chemini	卮賲賷賳賷	06	B茅ja茂a	 亘噩丕賷丞
196	Chemini	卮賲賷賳賷	629	Chemini	卮賲賷賳賷	06	B茅ja茂a	 亘噩丕賷丞
216	Souk Oufella	爻賵賯 丕賵賮賱丕	629	Chemini	卮賲賷賳賷	06	B茅ja茂a	 亘噩丕賷丞
223	Tibane	胤賷亘丕賳	629	Chemini	卮賲賷賳賷	06	B茅ja茂a	 亘噩丕賷丞
186	Barbacha	亘乇亘丕卮丞	634	Barbacha	亘乇亘丕卮丞	06	B茅ja茂a	 亘噩丕賷丞
206	Kendira	賰賳丿賷乇丞	634	Barbacha	亘乇亘丕卮丞	06	B茅ja茂a	 亘噩丕賷丞
203	Ouzellaguen	兀賵夭賱丕賯賳	636	Ifri Ouzellaguene	廿賮乇賷 兀賵夭賱丕賯賳	06	B茅ja茂a	 亘噩丕賷丞
199	Leflaye	丕賱賮賱丕賷	639	Sidi Aich	爻賷丿賷 毓賷卮	06	B茅ja茂a	 亘噩丕賷丞
212	Sidi Ayad	爻賷丿賷 毓賷丕丿	639	Sidi Aich	爻賷丿賷 毓賷卮	06	B茅ja茂a	 亘噩丕賷丞
213	Sidi-Aich	爻賷丿賷 毓賷卮	639	Sidi Aich	爻賷丿賷 毓賷卮	06	B茅ja茂a	 亘噩丕賷丞
225	Tifra	鬲賷賮乇丞	639	Sidi Aich	爻賷丿賷 毓賷卮	06	B茅ja茂a	 亘噩丕賷丞
227	Tinebdar	鬲賷賳亘丿丕乇	639	Sidi Aich	爻賷丿賷 毓賷卮	06	B茅ja茂a	 亘噩丕賷丞
200	El Kseur	丕賱賯氐乇	640	El Kseur	丕賱賯氐乇	06	B茅ja茂a	 亘噩丕賷丞
201	Fenaia Il Maten	賮賳丕賷丞 丕賱賲丕孬賳	640	El Kseur	丕賱賯氐乇	06	B茅ja茂a	 亘噩丕賷丞
229	Toudja	鬲賵噩丞	640	El Kseur	丕賱賯氐乇	06	B茅ja茂a	 亘噩丕賷丞
198	Dra El Caid	匕乇丕毓 丕賱賯丕賷丿	644	Kherrata	禺乇丕胤丞	06	B茅ja茂a	 亘噩丕賷丞
207	Kherrata	禺乇丕胤丞	644	Kherrata	禺乇丕胤丞	06	B茅ja茂a	 亘噩丕賷丞
191	Benimaouche	亘賳賷 賲毓賵卮	650	Beni Maouche	亘賳賷 賲毓賵卮	06	B茅ja茂a	 亘噩丕賷丞
233	Biskra	亘爻賰乇丞	701	Biskra	亘爻賰乇丞	07	Biskra	亘爻賰乇丞
243	El Hadjab	丕賱丨丕噩亘	701	Biskra	亘爻賰乇丞	07	Biskra	亘爻賰乇丞
230	Ain Naga	毓賷賳 丕賱賳丕賯丞	711	Sidi Okba	爻賷丿賷 毓賯亘丞	07	Biskra	亘爻賰乇丞
238	Chetma	卮鬲賲丞	711	Sidi Okba	爻賷丿賷 毓賯亘丞	07	Biskra	亘爻賰乇丞
244	El Haouch	丕賱丨賵卮	711	Sidi Okba	爻賷丿賷 毓賯亘丞	07	Biskra	亘爻賰乇丞
260	Sidi Okba	爻賷丿賷 毓賯亘丞	711	Sidi Okba	爻賷丿賷 毓賯亘丞	07	Biskra	亘爻賰乇丞
251	M'chouneche	賲卮賵賳卮	712	Mechouneche	賲卮賵賳卮	07	Biskra	亘爻賰乇丞
241	El Feidh	丕賱賮賷囟	715	Zeribet El Oued	夭乇賷亘丞 丕賱賵丕丿賷	07	Biskra	亘爻賰乇丞
248	Khenguet Sidi Nadji	禺賳賯丞 爻賷丿賷 賳丕噩賷	715	Zeribet El Oued	夭乇賷亘丞 丕賱賵丕丿賷	07	Biskra	亘爻賰乇丞
253	Meziraa	丕賱賲夭賷乇毓丞	715	Zeribet El Oued	夭乇賷亘丞 丕賱賵丕丿賷	07	Biskra	亘爻賰乇丞
262	Zeribet El Oued	夭乇賷亘丞 丕賱賵丕丿賷	715	Zeribet El Oued	夭乇賷亘丞 丕賱賵丕丿賷	07	Biskra	亘爻賰乇丞
231	Ain Zaatout	毓賷賳 夭毓胤賵胤	717	El Kantara	丕賱賯賳胤乇丞	07	Biskra	亘爻賰乇丞
245	El Kantara	丕賱賯賳胤乇丞	717	El Kantara	丕賱賯賳胤乇丞	07	Biskra	亘爻賰乇丞
246	El Outaya	丕賱賵胤丕賷丞	719	El Outaya	丕賱賵胤丕賷丞	07	Biskra	亘爻賰乇丞
236	Branis	亘乇丕賳賷爻	720	Djemorah	噩賲賵乇丞	07	Biskra	亘爻賰乇丞
239	Djemorah	噩賲賵乇丞	720	Djemorah	噩賲賵乇丞	07	Biskra	亘爻賰乇丞
234	Bordj Ben Azzouz	亘乇噩 亘賳 毓夭賵夭	721	Tolga	胤賵賱賯丞	07	Biskra	亘爻賰乇丞
235	Bouchakroun	亘賵卮賯乇賵賳	721	Tolga	胤賵賱賯丞	07	Biskra	亘爻賰乇丞
249	Lichana	賱賷卮丕賳丞	721	Tolga	胤賵賱賯丞	07	Biskra	亘爻賰乇丞
261	Tolga	胤賵賱賯丞	721	Tolga	胤賵賱賯丞	07	Biskra	亘爻賰乇丞
250	Lioua	賱賷賵丞	724	Ourlal	兀賵乇賱丕賱	07	Biskra	亘爻賰乇丞
252	Mekhadma	賲禺丕丿賲丞	724	Ourlal	兀賵乇賱丕賱	07	Biskra	亘爻賰乇丞
254	M'lili	賲賱賷賱賷	724	Ourlal	兀賵乇賱丕賱	07	Biskra	亘爻賰乇丞
256	Oumache	兀賵賲丕卮	724	Ourlal	兀賵乇賱丕賱	07	Biskra	亘爻賰乇丞
257	Ourlal	兀賵乇賱丕賱	724	Ourlal	兀賵乇賱丕賱	07	Biskra	亘爻賰乇丞
242	El Ghrous	丕賱睾乇賵爻	726	Foughala	賮賵睾丕賱丞	07	Biskra	亘爻賰乇丞
247	Foughala	賮賵睾丕賱丞	726	Foughala	賮賵睾丕賱丞	07	Biskra	亘爻賰乇丞
264	Bechar	亘卮丕乇	801	Bechar	亘卮丕乇	08	B茅char	亘卮丕乇
268	Boukais	亘賵賰丕賷爻	806	Lahmar	賱丨賲乇	08	B茅char	亘卮丕乇
275	Lahmar	賱丨賲乇	806	Lahmar	賱丨賲乇	08	B茅char	亘卮丕乇
278	Mogheul	賲賵睾賱	806	Lahmar	賱丨賲乇	08	B茅char	亘卮丕乇
272	Kenadsa	丕賱賯賳丕丿爻丞	810	Kenadsa	丕賱賯賳丕丿爻丞	08	B茅char	亘卮丕乇
277	Meridja	丕賱賲乇賷噩丞	810	Kenadsa	丕賱賯賳丕丿爻丞	08	B茅char	亘卮丕乇
280	Tabelbala	鬲亘賱亘丕賱丞	812	Tabelbala	鬲亘賱亘丕賱丞	08	B茅char	亘卮丕乇
281	Taghit	鬲丕睾賷鬲	813	Taghit	鬲丕睾賷鬲	08	B茅char	亘卮丕乇
263	Abadla	丕賱毓亘丕丿賱丞	817	Abadla	丕賱毓亘丕丿賱丞	08	B茅char	亘卮丕乇
270	Erg-Ferradj	毓乇賯 賮乇丕噩	817	Abadla	丕賱毓亘丕丿賱丞	08	B茅char	亘卮丕乇
276	Machraa-Houari-Boumediene	賲卮乇毓 賴賵丕乇賷 亘賵賲丿賷賳	817	Abadla	丕賱毓亘丕丿賱丞	08	B茅char	亘卮丕乇
267	Beni-Ounif	亘賳賷 賵賳賷賮	821	Beni Ounif	亘賳賷 賵賳賷賮	08	B茅char	亘卮丕乇
288	Blida	丕賱亘賱賷丿丞	901	Blida	丕賱亘賱賷丿丞	09	Blida	丕賱亘賱賷丿丞
289	Bouarfa	亘賵毓乇賮丞	901	Blida	丕賱亘賱賷丿丞	09	Blida	丕賱亘賱賷丿丞
292	Bouinan	亘賵毓賷賳丕賳	903	Bouinan	亘賵毓賷賳丕賳	09	Blida	丕賱亘賱賷丿丞
293	Chebli	丕賱卮亘賱賷	903	Bouinan	亘賵毓賷賳丕賳	09	Blida	丕賱亘賱賷丿丞
286	Beni-Tamou	亘賳賷 鬲丕賲賵	904	Oued El Alleug	賵丕丿賷 丕賱毓賱丕賷賯	09	Blida	丕賱亘賱賷丿丞
287	Benkhelil	亘賳 禺賱賷賱	904	Oued El Alleug	賵丕丿賷 丕賱毓賱丕賷賯	09	Blida	丕賱亘賱賷丿丞
304	Oued El Alleug	賵丕丿賷 丕賱毓賱丕賷賯	904	Oued El Alleug	賵丕丿賷 丕賱毓賱丕賷賯	09	Blida	丕賱亘賱賷丿丞
285	Beni Mered	亘賳賷 賲乇丕丿	905	Ouled Yaich	兀賵賱丕丿 賷毓賷卮	09	Blida	丕賱亘賱賷丿丞
295	Chrea	丕賱卮乇賷毓丞	905	Ouled Yaich	兀賵賱丕丿 賷毓賷卮	09	Blida	丕賱亘賱賷丿丞
306	Ouled Yaich	兀賵賱丕丿 賷毓賷卮	905	Ouled Yaich	兀賵賱丕丿 賷毓賷卮	09	Blida	丕賱亘賱賷丿丞
297	El-Affroun	丕賱毓賮乇賵賳	907	El Affroun	丕賱毓賮乇賵賳	09	Blida	丕賱亘賱賷丿丞
303	Oued  Djer	賵丕丿賷 噩乇	907	El Affroun	丕賱毓賮乇賵賳	09	Blida	丕賱亘賱賷丿丞
284	Ain Romana	毓賷賳 丕賱乇賲丕賳丞	912	Mouzaia	賲賵夭丕賷丞	09	Blida	丕賱亘賱賷丿丞
294	Chiffa	丕賱卮賮丞	912	Mouzaia	賲賵夭丕賷丞	09	Blida	丕賱亘賱賷丿丞
302	Mouzaia	賲賵夭丕賷丞	912	Mouzaia	賲賵夭丕賷丞	09	Blida	丕賱亘賱賷丿丞
296	Djebabra	噩亘丕亘乇丞	914	Meftah	賲賮鬲丕丨	09	Blida	丕賱亘賱賷丿丞
301	Meftah	賲賮鬲丕丨	914	Meftah	賲賮鬲丕丨	09	Blida	丕賱亘賱賷丿丞
290	Boufarik	亘賵賮丕乇賷賰	916	Boufarik	亘賵賮丕乇賷賰	09	Blida	丕賱亘賱賷丿丞
298	Guerrouaou	賯乇賵丕賵	916	Boufarik	亘賵賮丕乇賷賰	09	Blida	丕賱亘賱賷丿丞
308	Soumaa	丕賱氐賵賲毓丞	916	Boufarik	亘賵賮丕乇賷賰	09	Blida	丕賱亘賱賷丿丞
300	Larbaa	丕賱兀乇亘毓丕亍	917	Larbaa	丕賱兀乇亘毓丕亍	09	Blida	丕賱亘賱賷丿丞
307	Souhane	氐賵丨丕賳	917	Larbaa	丕賱兀乇亘毓丕亍	09	Blida	丕賱亘賱賷丿丞
291	Bougara	亘賵賯乇丞	922	Bougara	亘賵賯乇丞	09	Blida	丕賱亘賱賷丿丞
299	Hammam Elouane	丨賲丕賲 賲賱賵丕賳	922	Bougara	亘賵賯乇丞	09	Blida	丕賱亘賱賷丿丞
305	Ouled Slama	丕賵賱丕丿 爻賱丕賲丞	922	Bougara	亘賵賯乇丞	09	Blida	丕賱亘賱賷丿丞
313	Ain Turk	毓賷賳 丕賱鬲乇賰	1001	Bouira	丕賱亘賵賷乇丞	10	Bouira	丕賱亘賵賷乇丞
315	Ait Laaziz	兀賷鬲 賱毓夭賷夭	1001	Bouira	丕賱亘賵賷乇丞	10	Bouira	丕賱亘賵賷乇丞
321	Bouira	丕賱亘賵賷乇丞	1001	Bouira	丕賱亘賵賷乇丞	10	Bouira	丕賱亘賵賷乇丞
332	El-Mokrani	丕賱賲賯乇丕賳賷	1004	Souk El Khemis	爻賵賯 丕賱禺賲賷爻	10	Bouira	丕賱亘賵賷乇丞
348	Souk El Khemis	爻賵賯 丕賱禺賲賷爻	1004	Souk El Khemis	爻賵賯 丕賱禺賲賷爻	10	Bouira	丕賱亘賵賷乇丞
316	Aomar	兀毓賲乇	1005	Kadiria	丕賱賯丕丿乇賷丞	10	Bouira	丕賱亘賵賷乇丞
326	Djebahia	噩亘丕丨賷丞	1005	Kadiria	丕賱賯丕丿乇賷丞	10	Bouira	丕賱亘賵賷乇丞
337	Kadiria	賯丕丿乇賷丞	1005	Kadiria	丕賱賯丕丿乇賷丞	10	Bouira	丕賱亘賵賷乇丞
335	Haizer	丨賷夭乇	1012	Haizer	丕賱丨賷夭乇	10	Bouira	丕賱亘賵賷乇丞
350	Taghzout	鬲丕睾夭賵鬲	1012	Haizer	丕賱丨賷夭乇	10	Bouira	丕賱亘賵賷乇丞
320	Bouderbala	亘賵丿乇亘丕賱丞	1013	Lakhdaria	丕賱兀禺囟乇賷丞	10	Bouira	丕賱亘賵賷乇丞
322	Boukram	亘賵賰乇賲	1013	Lakhdaria	丕賱兀禺囟乇賷丞	10	Bouira	丕賱亘賵賷乇丞
333	Guerrouma	賯乇賵賲丞	1013	Lakhdaria	丕賱兀禺囟乇賷丞	10	Bouira	丕賱亘賵賷乇丞
338	Lakhdaria	丕賱兀禺囟乇賷丞	1013	Lakhdaria	丕賱兀禺囟乇賷丞	10	Bouira	丕賱亘賵賷乇丞
340	Maala	賲毓賱丞	1013	Lakhdaria	丕賱兀禺囟乇賷丞	10	Bouira	丕賱亘賵賷乇丞
353	Z'barbar (El Isseri )	夭亘乇亘乇	1013	Lakhdaria	丕賱兀禺囟乇賷丞	10	Bouira	丕賱亘賵賷乇丞
319	Bordj Okhriss	亘乇噩 兀賵禺乇賷氐	1018	Bordj Okhriss	亘乇噩 兀賵禺乇賷氐	10	Bouira	丕賱亘賵賷乇丞
334	Hadjera Zerga	丕賱丨噩乇丞 丕賱夭乇賯丕亍	1018	Bordj Okhriss	亘乇噩 兀賵禺乇賷氐	10	Bouira	丕賱亘賵賷乇丞
342	Mezdour	賲夭丿賵乇	1018	Bordj Okhriss	亘乇噩 兀賵禺乇賷氐	10	Bouira	丕賱亘賵賷乇丞
351	Taguedite	鬲丕賯丿賷鬲	1018	Bordj Okhriss	亘乇噩 兀賵禺乇賷氐	10	Bouira	丕賱亘賵賷乇丞
310	Ahl El Ksar	兀賴賱 丕賱賯氐乇	1033	Bechloul	亘卮賱賵賱	10	Bouira	丕賱亘賵賷乇丞
317	Bechloul	亘卮賱賵賱	1033	Bechloul	亘卮賱賵賱	10	Bouira	丕賱亘賵賷乇丞
327	El Adjiba	丕賱毓噩賷亘丞	1033	Bechloul	亘卮賱賵賱	10	Bouira	丕賱亘賵賷乇丞
328	El Asnam	丕賱兀爻賳丕賲	1033	Bechloul	亘卮賱賵賱	10	Bouira	丕賱亘賵賷乇丞
344	Ouled Rached	兀賵賱丕丿 乇丕卮丿	1033	Bechloul	亘卮賱賵賱	10	Bouira	丕賱亘賵賷乇丞
311	Ain El Hadjar	毓賷賳 丕賱丨噩乇	1035	Ain Bessem	毓賷賳 亘爻丕賲	10	Bouira	丕賱亘賵賷乇丞
312	Ain Laloui	毓賷賳 丕賱毓賱賵賷	1035	Ain Bessem	毓賷賳 亘爻丕賲	10	Bouira	丕賱亘賵賷乇丞
314	Ain-Bessem	毓賷賳 亘爻丕賲	1035	Ain Bessem	毓賷賳 亘爻丕賲	10	Bouira	丕賱亘賵賷乇丞
318	Bir Ghbalou	亘卅乇 睾亘丕賱賵	1036	Bir Ghbalou	亘卅乇 睾亘丕賱賵	10	Bouira	丕賱亘賵賷乇丞
330	El Khabouzia	丕賱禺亘賵夭賷丞	1036	Bir Ghbalou	亘卅乇 睾亘丕賱賵	10	Bouira	丕賱亘賵賷乇丞
345	Raouraoua	乇賵乇丕賵丞	1036	Bir Ghbalou	亘卅乇 睾亘丕賱賵	10	Bouira	丕賱亘賵賷乇丞
309	Aghbalou	兀睾亘丕賱賵	1037	M'chedallah	賲卮丿 丕賱賱賴	10	Bouira	丕賱亘賵賷乇丞
323	Chorfa	卮乇賮丞	1037	M'chedallah	賲卮丿 丕賱賱賴	10	Bouira	丕賱亘賵賷乇丞
336	Hanif	丨賳賷賮	1037	M'chedallah	賲卮丿 丕賱賱賴	10	Bouira	丕賱亘賵賷乇丞
339	M Chedallah	兀賲卮丿丕賱丞	1037	M'chedallah	賲卮丿 丕賱賱賴	10	Bouira	丕賱亘賵賷乇丞
347	Saharidj	爻丨丕乇賷噩	1037	M'chedallah	賲卮丿 丕賱賱賴	10	Bouira	丕賱亘賵賷乇丞
352	Ath Mansour	丌孬  賲賳氐賵乇	1037	M'chedallah	賲卮丿 丕賱賱賴	10	Bouira	丕賱亘賵賷乇丞
324	Dechmia	丕賱丿卮賲賷丞	1038	Sour El Ghozlane	爻賵乇 丕賱睾夭賱丕賳	10	Bouira	丕賱亘賵賷乇丞
325	Dirah	丿賷乇丞	1038	Sour El Ghozlane	爻賵乇 丕賱睾夭賱丕賳	10	Bouira	丕賱亘賵賷乇丞
331	El-Hakimia	丕賱丨丕賰賲賷丞	1038	Sour El Ghozlane	爻賵乇 丕賱睾夭賱丕賳	10	Bouira	丕賱亘賵賷乇丞
341	Maamora	丕賱賲毓賲賵乇丞	1038	Sour El Ghozlane	爻賵乇 丕賱睾夭賱丕賳	10	Bouira	丕賱亘賵賷乇丞
346	Ridane	乇賷丿丕賳	1038	Sour El Ghozlane	爻賵乇 丕賱睾夭賱丕賳	10	Bouira	丕賱亘賵賷乇丞
349	Sour El Ghozlane	爻賵乇 丕賱睾夭賱丕賳	1038	Sour El Ghozlane	爻賵乇 丕賱睾夭賱丕賳	10	Bouira	丕賱亘賵賷乇丞
355	Ain Amguel	毓賷賳 丕賲賯賱	1101	Tamanrasset	鬲賲賳乇丕爻鬲	11	Tamanrasset	鬲賲賳乇丕爻鬲
361	Tamanrasset	鬲賲賳乇丕爻鬲	1101	Tamanrasset	鬲賲賳乇丕爻鬲	11	Tamanrasset	鬲賲賳乇丕爻鬲
354	Abelsa	丕亘賱爻丞	1102	Silet	爻賷賱鬲	11	Tamanrasset	鬲賲賳乇丕爻鬲
359	Idles	兀丿賱爻	1106	Tazrouk	鬲丕馗乇賵賰	11	Tamanrasset	鬲賲賳乇丕爻鬲
362	Tazrouk	鬲丕馗乇賵賰	1106	Tazrouk	鬲丕馗乇賵賰	11	Tamanrasset	鬲賲賳乇丕爻鬲
390	Tebessa	鬲亘爻丞	1201	Tebessa	鬲亘爻丞	12	T茅bessa	鬲亘爻丞
369	Bir-El-Ater	亘卅乇 丕賱毓丕鬲乇	1202	Bir El Ater	亘卅乇 丕賱毓丕鬲乇	12	T茅bessa	鬲亘爻丞
378	El Ogla El Malha	丕賱毓賯賱丞 丕賱賲丕賱丨丞	1202	Bir El Ater	亘卅乇 丕賱毓丕鬲乇	12	T茅bessa	鬲亘爻丞
372	Cheria	丕賱卮乇賷毓丞	1203	Cheria	丕賱卮乇賷毓丞	12	T茅bessa	鬲亘爻丞
391	Telidjen	孬賱賷噩丕賳	1203	Cheria	丕賱卮乇賷毓丞	12	T茅bessa	鬲亘爻丞
370	Boukhadra	亘賵禺囟乇丞	1205	El Aouinet	丕賱毓賵賷賳丕鬲	12	T茅bessa	鬲亘爻丞
379	El-Aouinet	丕賱毓賵賷賳丕鬲	1205	El Aouinet	丕賱毓賵賷賳丕鬲	12	T茅bessa	鬲亘爻丞
381	Ferkane	賮乇賰丕賳	1209	Negrine	賳賯乇賷賳	12	T茅bessa	鬲亘爻丞
385	Negrine	賳賯乇賷賳	1209	Negrine	賳賯乇賷賳	12	T茅bessa	鬲亘爻丞
368	Bir Mokkadem	亘卅乇 賲賯丿賲	1210	Bir Mokadem	亘卅乇 賲賯丿賲	12	T茅bessa	鬲亘爻丞
382	Guorriguer	賯乇賷賯乇	1210	Bir Mokadem	亘卅乇 賲賯丿賲	12	T茅bessa	鬲亘爻丞
383	Hammamet	丕賱丨賲丕賲丕鬲	1210	Bir Mokadem	亘卅乇 賲賯丿賲	12	T茅bessa	鬲亘爻丞
366	Bekkaria	亘賰丕乇賷丞	1211	El Kouif	丕賱賰賵賷賮	12	T茅bessa	鬲亘爻丞
371	Boulhaf Dyr	亘賵賱丨丕賮 丕賱丿賷乇	1211	El Kouif	丕賱賰賵賷賮	12	T茅bessa	鬲亘爻丞
373	El Kouif	丕賱賰賵賷賮	1211	El Kouif	丕賱賰賵賷賮	12	T茅bessa	鬲亘爻丞
367	Bir Dheheb	亘卅乇 丕賱匕賴亘	1212	Morsott	賲乇爻胤	12	T茅bessa	鬲亘爻丞
384	Morsott	賲乇爻胤	1212	Morsott	賲乇爻胤	12	T茅bessa	鬲亘爻丞
365	Bedjene	亘噩賳	1213	El Ogla	丕賱毓賯賱丞	12	T茅bessa	鬲亘爻丞
376	El Mezeraa	丕賱賲夭乇毓丞	1213	El Ogla	丕賱毓賯賱丞	12	T茅bessa	鬲亘爻丞
377	El Ogla	丕賱毓賯賱丞	1213	El Ogla	丕賱毓賯賱丞	12	T茅bessa	鬲亘爻丞
389	Stah Guentis	爻胤丨 賯賳胤賷爻	1213	El Ogla	丕賱毓賯賱丞	12	T茅bessa	鬲亘爻丞
364	Ain Zerga	毓賷賳 丕賱夭乇賯丕亍	1219	Ouenza	丕賱賵賳夭丞	12	T茅bessa	鬲亘爻丞
375	El Meridj	丕賱賲乇賷噩	1219	Ouenza	丕賱賵賳夭丞	12	T茅bessa	鬲亘爻丞
386	Ouenza	丕賱賵賳夭丞	1219	Ouenza	丕賱賵賳夭丞	12	T茅bessa	鬲亘爻丞
374	El Malabiod	丕賱賲丕亍 丕賱丕亘賷囟	1220	El Malabiod	丕賱賲丕亍 丕賱丕亘賷囟	12	T茅bessa	鬲亘爻丞
380	El-Houidjbet	丕賱丨賵賷噩亘丕鬲	1220	El Malabiod	丕賱賲丕亍 丕賱丕亘賷囟	12	T茅bessa	鬲亘爻丞
387	Oum Ali	兀賲 毓賱賷	1221	Oum Ali	兀賲 毓賱賷	12	T茅bessa	鬲亘爻丞
388	Saf Saf El Ouesra	氐賮氐丕賮 丕賱賵爻乇賶	1221	Oum Ali	兀賲 毓賱賷	12	T茅bessa	鬲亘爻丞
443	Tlemcen	鬲賱賲爻丕賳	1301	Tlemcen	鬲賱賲爻丕賳	13	Tlemcen	鬲賱賲爻丕賳
396	Ain Nehala	毓賷賳 丕賱賳丨丕賱丞	1303	Ain Tellout	毓賷賳 鬲丕賱賵鬲	13	Tlemcen	鬲賱賲爻丕賳
397	Ain Tellout	毓賷賳 鬲丕賱賵鬲	1303	Ain Tellout	毓賷賳 鬲丕賱賵鬲	13	Tlemcen	鬲賱賲爻丕賳
398	Ain Youcef	毓賷賳 賷賵爻賮	1304	Remchi	丕賱乇賲卮賷	13	Tlemcen	鬲賱賲爻丕賳
405	Beni Ouarsous	亘賳賷 賵丕乇爻賵爻	1304	Remchi	丕賱乇賲卮賷	13	Tlemcen	鬲賱賲爻丕賳
416	El Fehoul	丕賱賮丨賵賱	1304	Remchi	丕賱乇賲卮賷	13	Tlemcen	鬲賱賲爻丕賳
431	Remchi	丕賱乇賲卮賷	1304	Remchi	丕賱乇賲卮賷	13	Tlemcen	鬲賱賲爻丕賳
433	Sebbaa Chioukh	爻亘毓丞 卮賷賵禺	1304	Remchi	丕賱乇賲卮賷	13	Tlemcen	鬲賱賲爻丕賳
409	Bouhlou	亘賵丨賱賵	1306	Sabra	氐亘乇丞	13	Tlemcen	鬲賱賲爻丕賳
432	Sabra	氐亘乇丞	1306	Sabra	氐亘乇丞	13	Tlemcen	鬲賱賲爻丕賳
412	Dar Yaghmoracen	丿丕乇 賷睾賲乇丕爻賳	1307	Ghazaouet	丕賱睾夭賵丕鬲	13	Tlemcen	鬲賱賲爻丕賳
419	Ghazaouet	丕賱睾夭賵丕鬲	1307	Ghazaouet	丕賱睾夭賵丕鬲	13	Tlemcen	鬲賱賲爻丕賳
438	Souahlia	丕賱爻賵丕丨賱賷丞	1307	Ghazaouet	丕賱睾夭賵丕鬲	13	Tlemcen	鬲賱賲爻丕賳
442	Tianet	鬲賷丕賳鬲	1307	Ghazaouet	丕賱睾夭賵丕鬲	13	Tlemcen	鬲賱賲爻丕賳
406	Beni Smiel	亘賳賷 氐賲賷賱	1313	Ouled Mimoun	兀賵賱丕丿 賲賷賲賵賳	13	Tlemcen	鬲賱賲爻丕賳
428	Oued Lakhdar	賵丕丿賷 丕賱禺囟乇	1313	Ouled Mimoun	兀賵賱丕丿 賲賷賲賵賳	13	Tlemcen	鬲賱賲爻丕賳
429	Ouled Mimoun	兀賵賱丕丿 賲賷賲賵賳	1313	Ouled Mimoun	兀賵賱丕丿 賲賷賲賵賳	13	Tlemcen	鬲賱賲爻丕賳
401	Beni Bahdel	亘賳賷 亘賴丿賱	1317	Beni Snous	亘賳賷 爻賳賵爻	13	Tlemcen	鬲賱賲爻丕賳
407	Beni Snous	亘賳賷 爻賳賵爻	1317	Beni Snous	亘賳賷 爻賳賵爻	13	Tlemcen	鬲賱賲爻丕賳
415	Azail	丕賱毓夭丕賷賱	1317	Beni Snous	亘賳賷 爻賳賵爻	13	Tlemcen	鬲賱賲爻丕賳
400	Bab El Assa	亘丕亘 丕賱毓爻丞	1318	Bab El Assa	亘丕亘 丕賱毓爻丞	13	Tlemcen	鬲賱賲爻丕賳
439	Souani	丕賱爻賵丕賳賷	1318	Bab El Assa	亘丕亘 丕賱毓爻丞	13	Tlemcen	鬲賱賲爻丕賳
440	Souk Tleta	爻賵賯 丕賱孬賱丕孬丕亍	1318	Bab El Assa	亘丕亘 丕賱毓爻丞	13	Tlemcen	鬲賱賲爻丕賳
392	Ain Fetah	毓賷賳 賮鬲丕丨	1320	Fellaoucene	賮賱丕賵爻賳	13	Tlemcen	鬲賱賲爻丕賳
395	Ain Kebira	毓賷賳 丕賱賰亘賷乇丞	1320	Fellaoucene	賮賱丕賵爻賳	13	Tlemcen	鬲賱賲爻丕賳
418	Fellaoucene	賮賱丕賵爻賳	1320	Fellaoucene	賮賱丕賵爻賳	13	Tlemcen	鬲賱賲爻丕賳
408	Bensekrane	亘賳 爻賰乇丕賳	1324	Bensekrane	亘賳 爻賰乇丕賳	13	Tlemcen	鬲賱賲爻丕賳
435	Sidi Abdelli	爻賷丿賷 丕賱毓亘丿賱賷	1324	Bensekrane	亘賳 爻賰乇丕賳	13	Tlemcen	鬲賱賲爻丕賳
421	Hennaya	丕賱丨賳丕賷丞	1326	Hennaya	丕賱丨賳丕賷丞	13	Tlemcen	鬲賱賲爻丕賳
430	Ouled Riyah	兀賵賱丕丿 乇賷丕丨	1326	Hennaya	丕賱丨賳丕賷丞	13	Tlemcen	鬲賱賲爻丕賳
444	Zenata	夭賳丕鬲丞	1326	Hennaya	丕賱丨賳丕賷丞	13	Tlemcen	鬲賱賲爻丕賳
420	Hammam Boughrara	丨賲丕賲 亘賵睾乇丕乇丞	1327	Maghnia	賲睾賳賷丞	13	Tlemcen	鬲賱賲爻丕賳
423	Maghnia	賲睾賳賷丞	1327	Maghnia	賲睾賳賷丞	13	Tlemcen	鬲賱賲爻丕賳
414	El Aricha	丕賱毓乇賷卮丞	1335	Sebdou	爻亘丿賵	13	Tlemcen	鬲賱賲爻丕賳
417	El Gor	丕賱賯賵乇	1335	Sebdou	爻亘丿賵	13	Tlemcen	鬲賱賲爻丕賳
434	Sebdou	爻亘丿賵	1335	Sebdou	爻亘丿賵	13	Tlemcen	鬲賱賲爻丕賳
402	Beni Boussaid	亘賳賷 亘賵爻毓賷丿	1338	Beni Boussaid	亘賳賷 亘賵爻毓賷丿	13	Tlemcen	鬲賱賲爻丕賳
436	Sidi Medjahed	爻賷丿賷 賲噩丕賴丿	1338	Beni Boussaid	亘賳賷 亘賵爻毓賷丿	13	Tlemcen	鬲賱賲爻丕賳
425	Marsa Ben M'hidi	賲乇爻賶 亘賳 賲賴賷丿賷	1339	Marsa Ben Mehdi	賲乇爻賶 亘賳 賲賴賷丿賷	13	Tlemcen	鬲賱賲爻丕賳
426	M'sirda Fouaga	賲爻賷乇丿丞 丕賱賮賵丕賯丞	1339	Marsa Ben Mehdi	賲乇爻賶 亘賳 賲賴賷丿賷	13	Tlemcen	鬲賱賲爻丕賳
413	Djebala	噩亘丕賱丞	1340	Nedroma	賳丿乇賵賲丞	13	Tlemcen	鬲賱賲爻丕賳
427	Nedroma	賳丿乇賵賲丞	1340	Nedroma	賳丿乇賵賲丞	13	Tlemcen	鬲賱賲爻丕賳
410	Bouihi	丕賱亘賵賷賴賷	1341	Sidi Djillali	爻賷丿賷 丕賱噩賷賱丕賱賷	13	Tlemcen	鬲賱賲爻丕賳
436	Sidi Djillali	爻賷丿賷 丕賱噩賷賱丕賱賷	1341	Sidi Djillali	爻賷丿賷 丕賱噩賷賱丕賱賷	13	Tlemcen	鬲賱賲爻丕賳
403	Beni Khellad	亘賳賷 禺賱丕丿	1344	Honnaine	賴賳賷賳	13	Tlemcen	鬲賱賲爻丕賳
422	Honnaine	賴賳賷賳	1344	Honnaine	賴賳賷賳	13	Tlemcen	鬲賱賲爻丕賳
393	Ain Fezza	毓賷賳 賮夭丞	1350	Chetouane	卮鬲賵丕賳	13	Tlemcen	鬲賱賲爻丕賳
399	Amieur	毓賲賷乇	1350	Chetouane	卮鬲賵丕賳	13	Tlemcen	鬲賱賲爻丕賳
411	Chetouane	卮鬲賵丕賳	1350	Chetouane	卮鬲賵丕賳	13	Tlemcen	鬲賱賲爻丕賳
394	Ain Ghoraba	毓賷賳 睾乇丕亘丞	1351	Mansourah	賲賳氐賵乇丞	13	Tlemcen	鬲賱賲爻丕賳
404	Beni Mester	亘賳賷 賲爻鬲乇	1351	Mansourah	賲賳氐賵乇丞	13	Tlemcen	鬲賱賲爻丕賳
424	Mansourah	賲賳氐賵乇丞	1351	Mansourah	賲賳氐賵乇丞	13	Tlemcen	鬲賱賲爻丕賳
441	Terny Beni Hediel	鬲賷乇賳賷 亘賳賷 賴丿賷賱	1351	Mansourah	賲賳氐賵乇丞	13	Tlemcen	鬲賱賲爻丕賳
483	Tiaret	鬲賷丕乇鬲	1401	Tiaret	鬲賷丕乇鬲	14	Tiaret	鬲賷丕乇鬲
464	Medroussa	賲丿乇賵爻丞	1402	Medroussa	賲丿乇賵爻丞	14	Tiaret	鬲賷丕乇鬲
466	Mellakou	賲賱丕賰賵	1402	Medroussa	賲丿乇賵爻丞	14	Tiaret	鬲賷丕乇鬲
478	Sidi Bakhti	爻賷丿賷 亘禺鬲賷	1402	Medroussa	賲丿乇賵爻丞	14	Tiaret	鬲賷丕乇鬲
446	Ain Deheb	毓賷賳 丕賱匕賴亘	1406	Ain Deheb	毓賷賳 丕賱匕賴亘	14	Tiaret	鬲賷丕乇鬲
451	Chehaima	卮丨賷賲丞	1406	Ain Deheb	毓賷賳 丕賱匕賴亘	14	Tiaret	鬲賷丕乇鬲
468	Naima	丕賱賳毓賷賲丞	1406	Ain Deheb	毓賷賳 丕賱匕賴亘	14	Tiaret	鬲賷丕乇鬲
445	Ain Bouchekif	毓賷賳 亘賵卮賯賷賮	1413	Dahmouni	丿丨賲賵賳賷	14	Tiaret	鬲賷丕乇鬲
452	Dahmouni	丿丨賲賵賳賷	1413	Dahmouni	丿丨賲賵賳賷	14	Tiaret	鬲賷丕乇鬲
457	Guertoufa	賯乇胤賵賮丞	1414	Rahouia	乇丨賵賷丞	14	Tiaret	鬲賷丕乇鬲
470	Rahouia	丕賱乇丨賵賷丞	1414	Rahouia	乇丨賵賷丞	14	Tiaret	鬲賷丕乇鬲
447	Ain Dzarit	毓賷賳 丿夭丕乇賷鬲	1415	Mahdia	賲賴丿賷丞	14	Tiaret	鬲賷丕乇鬲
461	Mahdia	賲賴丿賷丞	1415	Mahdia	賲賴丿賷丞	14	Tiaret	鬲賷丕乇鬲
467	Nadorah	丕賱賳丕馗賵乇丞	1415	Mahdia	賲賴丿賷丞	14	Tiaret	鬲賷丕乇鬲
472	Sebaine	丕賱爻亘毓賷賳	1415	Mahdia	賲賴丿賷丞	14	Tiaret	鬲賷丕乇鬲
455	Faidja	丕賱賮丕賷噩丞	1416	Sougueur	丕賱爻賵賯乇	14	Tiaret	鬲賷丕乇鬲
475	Si Abdelghani	爻賷 毓亘丿 丕賱睾賳賷	1416	Sougueur	丕賱爻賵賯乇	14	Tiaret	鬲賷丕乇鬲
480	Sougueur	丕賱爻賵賯乇	1416	Sougueur	丕賱爻賵賯乇	14	Tiaret	鬲賷丕乇鬲
485	Tousnina	鬲賵爻賳賷賳丞	1416	Sougueur	丕賱爻賵賯乇	14	Tiaret	鬲賷丕乇鬲
465	Meghila	賲睾賷賱丞	1421	Meghila	賲睾賷賱丞	14	Tiaret	鬲賷丕乇鬲
473	Sebt	丕賱爻亘鬲	1421	Meghila	賲睾賷賱丞	14	Tiaret	鬲賷丕乇鬲
479	Sidi Hosni	爻賷丿賷 丨爻賳賷	1421	Meghila	賲睾賷賱丞	14	Tiaret	鬲賷丕乇鬲
448	Ain El Hadid	毓賷賳 丕賱丨丿賷丿	1427	Frenda	賮乇賳丿丞	14	Tiaret	鬲賷丕乇鬲
456	Frenda	賮乇賳丿丞	1427	Frenda	賮乇賳丿丞	14	Tiaret	鬲賷丕乇鬲
482	Takhemaret	鬲禺賲乇鬲	1427	Frenda	賮乇賳丿丞	14	Tiaret	鬲賷丕乇鬲
449	Ain Kermes	毓賷賳 賰乇賲爻	1428	Ain Kermes	毓賷賳 賰乇賲爻	14	Tiaret	鬲賷丕乇鬲
453	Djebilet Rosfa	噩亘賷賱丕鬲 丕賱乇氐賮丕亍	1428	Ain Kermes	毓賷賳 賰乇賲爻	14	Tiaret	鬲賷丕乇鬲
460	Madna	賲丕丿賳丞	1428	Ain Kermes	毓賷賳 賰乇賲爻	14	Tiaret	鬲賷丕乇鬲
463	Medrissa	賲丿乇賷爻丞	1428	Ain Kermes	毓賷賳 賰乇賲爻	14	Tiaret	鬲賷丕乇鬲
476	Sidi Abderrahmane	爻賷丿賷 毓亘丿 丕賱乇丨賲賳	1428	Ain Kermes	毓賷賳 賰乇賲爻	14	Tiaret	鬲賷丕乇鬲
459	Ksar Chellala	賯氐乇 丕賱卮賱丕賱丞	1429	Ksar Chellala	賯氐乇 丕賱卮賱丕賱丞	14	Tiaret	鬲賷丕乇鬲
474	Serghine	爻乇睾賷賳	1429	Ksar Chellala	賯氐乇 丕賱卮賱丕賱丞	14	Tiaret	鬲賷丕乇鬲
486	Zmalet El Emir Abdelkade	夭賲丕賱丞  丕賱兀賲賷乇 毓亘丿 丕賱賯丕丿乇	1429	Ksar Chellala	賯氐乇 丕賱卮賱丕賱丞	14	Tiaret	鬲賷丕乇鬲
469	Oued Lilli	賵丕丿賷 賱賷賱賷	1433	Oued Lili	賵丕丿賷 賱賷賱賷	14	Tiaret	鬲賷丕乇鬲
477	Sidi Ali Mellal	爻賷丿賷 毓賱賷 賲賱丕賱	1433	Oued Lili	賵丕丿賷 賱賷賱賷	14	Tiaret	鬲賷丕乇鬲
484	Tidda	鬲賷丿丞	1433	Oued Lili	賵丕丿賷 賱賷賱賷	14	Tiaret	鬲賷丕乇鬲
454	Djillali Ben Amar	噩賷賱丕賱賷 亘賳 毓賲丕乇	1434	Mechraa Sfa	賲卮乇毓 丕賱氐賮丕	14	Tiaret	鬲賷丕乇鬲
462	Mechraa Safa	賲卮乇毓 丕賱氐賮丕	1434	Mechraa Sfa	賲卮乇毓 丕賱氐賮丕	14	Tiaret	鬲賷丕乇鬲
481	Tagdempt	鬲丕賯丿賲鬲	1434	Mechraa Sfa	賲卮乇毓 丕賱氐賮丕	14	Tiaret	鬲賷丕乇鬲
450	Bougara	亘賵賯乇丞	1435	Hamadia	丨賲丕丿賷丞	14	Tiaret	鬲賷丕乇鬲
458	Hamadia	丨賲丕丿賷丞	1435	Hamadia	丨賲丕丿賷丞	14	Tiaret	鬲賷丕乇鬲
471	Rechaiga	丕賱乇卮丕賷賯丞	1435	Hamadia	丨賲丕丿賷丞	14	Tiaret	鬲賷丕乇鬲
549	Tizi-Ouzou	鬲賷夭賷 賵夭賵	1501	Tizi Ouzou	鬲賷夭賷 賵夭賵	15	Tizi Ouzou	鬲賷夭賷 賵夭賵
487	Abi-Youcef	兀亘賷 賷賵爻賮	1502	Ain El Hammam	毓賷賳 丕賱丨賲丕賲	15	Tizi Ouzou	鬲賷夭賷 賵夭賵
490	Ain-El-Hammam	毓賷賳 丕賱丨賲丕賲	1502	Ain El Hammam	毓賷賳 丕賱丨賲丕賲	15	Tizi Ouzou	鬲賷夭賷 賵夭賵
502	Ait-Yahia	兀賷鬲 賷丨賷賶	1502	Ain El Hammam	毓賷賳 丕賱丨賲丕賲	15	Tizi Ouzou	鬲賷夭賷 賵夭賵
503	Akbil	丕賯亘賷賱	1502	Ain El Hammam	毓賷賳 丕賱丨賲丕賲	15	Tizi Ouzou	鬲賷夭賷 賵夭賵
514	Boudjima	亘賵噩賷賲丞	1509	Makouda	賲丕賰賵丿丞	15	Tizi Ouzou	鬲賷夭賷 賵夭賵
532	Makouda	賲丕賰賵丿丞	1509	Makouda	賲丕賰賵丿丞	15	Tizi Ouzou	鬲賷夭賷 賵夭賵
491	Ain-Zaouia	毓賷賳 丕賱夭丕賵賷丞	1510	Draa El Mizan	匕乇丕毓 丕賱賲賷夭丕賳	15	Tizi Ouzou	鬲賷夭賷 賵夭賵
496	Ait Yahia Moussa	兀賷鬲 賷丨賷 賲賵爻賶	1510	Draa El Mizan	匕乇丕毓 丕賱賲賷夭丕賳	15	Tizi Ouzou	鬲賷夭賷 賵夭賵
518	Draa-El-Mizan	匕乇丕毓 丕賱賲賷夭丕賳	1510	Draa El Mizan	匕乇丕毓 丕賱賲賷夭丕賳	15	Tizi Ouzou	鬲賷夭賷 賵夭賵
520	Frikat	賮乇賷賯丕鬲	1510	Draa El Mizan	匕乇丕毓 丕賱賲賷夭丕賳	15	Tizi Ouzou	鬲賷夭賷 賵夭賵
536	M'kira	賲賰賷乇丞	1511	Tizi-Ghenif	鬲賷夭賷 睾賳賷賮	15	Tizi Ouzou	鬲賷夭賷 賵夭賵
548	Tizi-Gheniff	鬲賷夭賷 睾賳賷賮	1511	Tizi-Ghenif	鬲賷夭賷 睾賳賷賮	15	Tizi Ouzou	鬲賷夭賷 賵夭賵
523	Iferhounene	廿賮賭賭乇丨賭賭賵賳丕賳	1517	Iferhounene	廿賮乇丨賵賳丕賳	15	Tizi Ouzou	鬲賷夭賷 賵夭賵
526	Illilten	廿賷賱賭賷賭賭賱鬲賭賳	1517	Iferhounene	廿賮乇丨賵賳丕賳	15	Tizi Ouzou	鬲賷夭賷 賵夭賵
528	Imsouhal	廿賲爻賭賭賵丨丕賱	1517	Iferhounene	廿賮乇丨賵賳丕賳	15	Tizi Ouzou	鬲賷夭賷 賵夭賵
506	Azazga	毓夭丕夭賯丞	1518	Azazga	毓夭丕夭賯丞	15	Tizi Ouzou	鬲賷夭賷 賵夭賵
519	Freha	賮乇賷丨丞	1518	Azazga	毓夭丕夭賯丞	15	Tizi Ouzou	鬲賷夭賷 賵夭賵
524	Ifigha	廿賷賮賷睾丕亍	1518	Azazga	毓夭丕夭賯丞	15	Tizi Ouzou	鬲賷夭賷 賵夭賵
551	Yakourene	廿毓賭賭賰賵乇賳	1518	Azazga	毓夭丕夭賯丞	15	Tizi Ouzou	鬲賷夭賷 賵夭賵
553	Zekri	夭賰乇賷	1518	Azazga	毓夭丕夭賯丞	15	Tizi Ouzou	鬲賷夭賷 賵夭賵
492	Ait Aggouacha	兀賷鬲 毓賯賭賵丕卮丞	1521	Larbaa Nath Iraten	丕賱兀乇亘毓丕亍 賳丕孬 廿賷乇丕孬賳	15	Tizi Ouzou	鬲賷夭賷 賵夭賵
529	Irdjen	廿賷乇噩賭賭賭賳	1521	Larbaa Nath Iraten	丕賱兀乇亘毓丕亍 賳丕孬 廿賷乇丕孬賳	15	Tizi Ouzou	鬲賷夭賷 賵夭賵
530	Larbaa Nath Irathen	丕賱兀乇亘毓賭賭丕亍 賳丕孬 廿賷乇丕孬賳	1521	Larbaa Nath Iraten	丕賱兀乇亘毓丕亍 賳丕孬 廿賷乇丕孬賳	15	Tizi Ouzou	鬲賷夭賷 賵夭賵
500	Ait-Oumalou	兀賷鬲  兀賵賲丕賱賵	1522	Tizi Rached	鬲賷夭賷 乇丕卮丿	15	Tizi Ouzou	鬲賷夭賷 賵夭賵
550	Tizi-Rached	鬲賷夭賷 乇丕卮丿	1522	Tizi Rached	鬲賷夭賷 乇丕卮丿	15	Tizi Ouzou	鬲賷夭賷 賵夭賵
497	Ait-Aissa-Mimoun	兀賷鬲 毓賷爻賶 賲賷賲賵賳	1524	Ouaguenoun	賵丕賯賳賵賳	15	Tizi Ouzou	鬲賷夭賷 賵夭賵
539	Ouaguenoun	賵丕賯賳賵賳	1524	Ouaguenoun	賵丕賯賳賵賳	15	Tizi Ouzou	鬲賷夭賷 賵夭賵
545	Timizart	鬲賷賲賭賷夭丕乇	1524	Ouaguenoun	賵丕賯賳賵賳	15	Tizi Ouzou	鬲賷夭賷 賵夭賵
531	Maatkas	賲毓賭賭賭丕鬲賯丞	1529	Maatkas	賲毓丕鬲賯丞	15	Tizi Ouzou	鬲賷夭賷 賵夭賵
542	Souk-El-Tenine	爻賵賯 丕賱廿孬賳賷賳	1529	Maatkas	賲毓丕鬲賯丞	15	Tizi Ouzou	鬲賷夭賷 賵夭賵
499	Ait-Mahmoud	兀賷鬲 賲丨賲賵丿	1532	Beni Douala	亘賳賷 丿賵丕賱丞	15	Tizi Ouzou	鬲賷夭賷 賵夭賵
508	Beni Zmenzer	亘賳賭賭賭賭賷 夭賲賳夭丕乇	1532	Beni Douala	亘賳賷 丿賵丕賱丞	15	Tizi Ouzou	鬲賷夭賷 賵夭賵
509	Beni-Aissi	亘賳賷 毓賷爻賷	1532	Beni Douala	亘賳賷 丿賵丕賱丞	15	Tizi Ouzou	鬲賷夭賷 賵夭賵
510	Beni-Douala	亘賳賷 丿賵丕賱丞	1532	Beni Douala	亘賳賷 丿賵丕賱丞	15	Tizi Ouzou	鬲賷夭賷 賵夭賵
512	Beni-Zikki	亘賳賷 夭賷賰賭賭賷	1534	Bouzeguene	亘賵夭賯賳	15	Tizi Ouzou	鬲賷夭賷 賵夭賵
516	Bouzeguene	亘賵夭賯賭賭賳	1534	Bouzeguene	亘賵夭賯賳	15	Tizi Ouzou	鬲賷夭賷 賵夭賵
522	Idjeur	廿賷噩賭賭丕乇	1534	Bouzeguene	亘賵夭賯賳	15	Tizi Ouzou	鬲賷夭賷 賵夭賵
527	Illoula Oumalou	廿賷賱賵賱丞 兀賵賲賭賭賭丕賱賵	1534	Bouzeguene	亘賵夭賯賳	15	Tizi Ouzou	鬲賷夭賷 賵夭賵
489	Agouni-Gueghrane	兀賯賳賷 賯睾乇丕賳	1536	Ouadhias	賵丕囟賷丞	15	Tizi Ouzou	鬲賷夭賷 賵夭賵
493	Ait Bouaddou	兀賷鬲 亘賭賭賵丕丿賵	1536	Ouadhias	賵丕囟賷丞	15	Tizi Ouzou	鬲賷夭賷 賵夭賵
538	Ouadhias	賵丕囟賷丞	1536	Ouadhias	賵丕囟賷丞	15	Tizi Ouzou	鬲賷夭賷 賵夭賵
547	Tizi N'tleta	鬲賷夭賷 賳孬賱丕孬丞	1536	Ouadhias	賵丕囟賷丞	15	Tizi Ouzou	鬲賷夭賷 賵夭賵
488	Aghribs	兀睾乇賷亘	1537	Azeffoun	兀夭賮賵賳	15	Tizi Ouzou	鬲賷夭賷 賵夭賵
498	Ait-Chafaa	兀賷鬲 卮丕賮毓	1537	Azeffoun	兀夭賮賵賳	15	Tizi Ouzou	鬲賷夭賷 賵夭賵
504	Akerrou	兀賯乇賵	1537	Azeffoun	兀夭賮賵賳	15	Tizi Ouzou	鬲賷夭賷 賵夭賵
507	Azeffoun	兀夭賮賵賳	1537	Azeffoun	兀夭賮賵賳	15	Tizi Ouzou	鬲賷夭賷 賵夭賵
525	Iflissen	廿賮賱賷賭賭賭爻賳	1538	Tigzirt	鬲賷賯夭賷乇鬲	15	Tizi Ouzou	鬲賷夭賷 賵夭賵
535	Mizrana	賲賷夭乇丕賳賭賭賭丞	1538	Tigzirt	鬲賷賯夭賷乇鬲	15	Tizi Ouzou	鬲賷夭賷 賵夭賵
544	Tigzirt	鬲賷賯賭夭賷乇鬲	1538	Tigzirt	鬲賷賯夭賷乇鬲	15	Tizi Ouzou	鬲賷夭賷 賵夭賵
505	Assi-Youcef	兀爻賷 賷賵爻賮	1540	Boghni	亘賵睾賳賷	15	Tizi Ouzou	鬲賷夭賷 賵夭賵
513	Boghni	亘賵睾賳賷	1540	Boghni	亘賵睾賳賷	15	Tizi Ouzou	鬲賷夭賷 賵夭賵
515	Bounouh	亘賵賳賵丨	1540	Boghni	亘賵睾賳賷	15	Tizi Ouzou	鬲賷夭賷 賵夭賵
533	Mechtras	賲卮胤乇丕爻	1540	Boghni	亘賵睾賳賷	15	Tizi Ouzou	鬲賷夭賷 賵夭賵
517	Draa-Ben-Khedda	匕乇丕毓 亘賳 禺丿丞	1547	Draa Ben Khedda	匕乇丕毓 亘賳 禺丿丞	15	Tizi Ouzou	鬲賷夭賷 賵夭賵
540	Sidi Namane	爻賷丿賷 賳毓賲丕賳	1547	Draa Ben Khedda	匕乇丕毓 亘賳 禺丿丞	15	Tizi Ouzou	鬲賷夭賷 賵夭賵
543	Tadmait	鬲丕丿賲丕賷鬲	1547	Draa Ben Khedda	匕乇丕毓 亘賳 禺丿丞	15	Tizi Ouzou	鬲賷夭賷 賵夭賵
546	Tirmitine	鬲賷乇賲鬲賷賳	1547	Draa Ben Khedda	匕乇丕毓 亘賳 禺丿丞	15	Tizi Ouzou	鬲賷夭賷 賵夭賵
494	Ait Boumahdi	兀賷鬲 亘賵賲賴丿賷	1548	Ouacif	賵丕爻賷賮	15	Tizi Ouzou	鬲賷夭賷 賵夭賵
501	Ait-Toudert	兀賷鬲 鬲賵丿乇鬲	1548	Ouacif	賵丕爻賷賮	15	Tizi Ouzou	鬲賷夭賷 賵夭賵
537	Ouacif	賵丕爻賷賮	1548	Ouacif	賵丕爻賷賮	15	Tizi Ouzou	鬲賷夭賷 賵夭賵
495	Ait Khellili	兀賷鬲 禺賱賷賱賷	1550	Mekla	賲賯賱毓	15	Tizi Ouzou	鬲賷夭賷 賵夭賵
534	Mekla	賲賯賭賭賱毓	1550	Mekla	賲賯賱毓	15	Tizi Ouzou	鬲賷夭賷 賵夭賵
541	Souama	氐賵丕賲賭賭賭毓	1550	Mekla	賲賯賱毓	15	Tizi Ouzou	鬲賷夭賷 賵夭賵
511	Beni-Yenni	亘賳賷 賷賳賷	1552	Benni Yenni	亘賳賷 賷賳賷	15	Tizi Ouzou	鬲賷夭賷 賵夭賵
521	Iboudrarene	廿亘賵丿乇丕乇賳	1552	Benni Yenni	亘賳賷 賷賳賷	15	Tizi Ouzou	鬲賷夭賷 賵夭賵
552	Yatafene	賷胤賭賭丕賮賳	1552	Benni Yenni	亘賳賷 賷賳賷	15	Tizi Ouzou	鬲賷夭賷 賵夭賵
556	Alger Centre	丕賱噩夭丕卅乇 丕賱賵爻胤賶	1602	Sidi M'hamed	爻賷丿賷 丕賲丨賲丿	16	Alger	丕賱噩夭丕卅乇
582	El Madania	丕賱賲丿賳賷丞	1602	Sidi M'hamed	爻賷丿賷 丕賲丨賲丿	16	Alger	丕賱噩夭丕卅乇
585	El Mouradia	丕賱賲乇丕丿賷丞	1602	Sidi M'hamed	爻賷丿賷 丕賲丨賲丿	16	Alger	丕賱噩夭丕卅乇
605	Sidi M'hamed	爻賷丿賷 丕賲丨賲丿	1602	Sidi M'hamed	爻賷丿賷 丕賲丨賲丿	16	Alger	丕賱噩夭丕卅乇
557	Bab El Oued	亘丕亘 丕賱賵丕丿賷	1605	Bab El Oued	亘丕亘 丕賱賵丕丿賷	16	Alger	丕賱噩夭丕卅乇
567	Bologhine Ibnou Ziri	亘賵賱賵睾賷賳 亘賳 夭賷乇賷	1605	Bab El Oued	亘丕亘 丕賱賵丕丿賷	16	Alger	丕賱噩夭丕卅乇
572	Casbah	丕賱賯氐亘丞	1605	Bab El Oued	亘丕亘 丕賱賵丕丿賷	16	Alger	丕賱噩夭丕卅乇
596	Oued Koriche	賵丕丿賷 賯乇賷卮	1605	Bab El Oued	亘丕亘 丕賱賵丕丿賷	16	Alger	丕賱噩夭丕卅乇
601	Rais Hamidou	丕賱乇丕賷爻 丨賲賷丿賵	1605	Bab El Oued	亘丕亘 丕賱賵丕丿賷	16	Alger	丕賱噩夭丕卅乇
564	Bir Mourad Rais	亘卅乇 賲乇丕丿 乇丕賷爻	1609	Bir Mourad Rais	亘卅乇 賲乇丕丿 乇丕賷爻	16	Alger	丕賱噩夭丕卅乇
565	Birkhadem	亘卅乇 禺丕丿賲	1609	Bir Mourad Rais	亘卅乇 賲乇丕丿 乇丕賷爻	16	Alger	丕賱噩夭丕卅乇
576	Djasr Kasentina	噩爻乇 賯爻賳胤賷賳丞	1609	Bir Mourad Rais	亘卅乇 賲乇丕丿 乇丕賷爻	16	Alger	丕賱噩夭丕卅乇
589	Hydra	丨賷丿乇丞	1609	Bir Mourad Rais	亘卅乇 賲乇丕丿 乇丕賷爻	16	Alger	丕賱噩夭丕卅乇
604	Sehaoula	丕賱爻丨丕賵賱丞	1609	Bir Mourad Rais	亘卅乇 賲乇丕丿 乇丕賷爻	16	Alger	丕賱噩夭丕卅乇
562	Ben Aknoun	丕亘賳 毓賰賳賵賳	1611	Bouzareah	亘賵夭乇賷毓丞	16	Alger	丕賱噩夭丕卅乇
563	Beni Messous	亘賳賷 賲爻賵爻	1611	Bouzareah	亘賵夭乇賷毓丞	16	Alger	丕賱噩夭丕卅乇
571	Bouzareah	亘賵夭乇賷毓丞	1611	Bouzareah	亘賵夭乇賷毓丞	16	Alger	丕賱噩夭丕卅乇
580	El Biar	丕賱丕亘賷丕乇	1611	Bouzareah	亘賵夭乇賷毓丞	16	Alger	丕賱噩夭丕卅乇
560	Bachedjerah	亘丕卮 噩乇丕丨	1613	El Harrach	丕賱丨乇丕卮	16	Alger	丕賱噩夭丕卅乇
570	Bourouba	亘賵乇賵亘丞	1613	El Harrach	丕賱丨乇丕卮	16	Alger	丕賱噩夭丕卅乇
581	El Harrach	丕賱丨乇丕卮	1613	El Harrach	丕賱丨乇丕卮	16	Alger	丕賱噩夭丕卅乇
597	Oued Smar	賵丕丿賷 丕賱爻賲丕乇	1613	El Harrach	丕賱丨乇丕卮	16	Alger	丕賱噩夭丕卅乇
561	Baraki	亘乇丕賯賷	1614	Baraki	亘乇丕賯賷	16	Alger	丕賱噩夭丕卅乇
592	Les Eucalyptus	丕賱賰丕賱賷鬲賵爻	1614	Baraki	亘乇丕賯賷	16	Alger	丕賱噩夭丕卅乇
606	Sidi Moussa	爻賷丿賷 賲賵爻賶	1614	Baraki	亘乇丕賯賷	16	Alger	丕賱噩夭丕卅乇
583	El Magharia	丕賱賲睾丕乇賷丞	1617	Hussein Dey	丨爻賷賳 丿丕賷	16	Alger	丕賱噩夭丕卅乇
588	Hussein Dey	丨爻賷賳 丿丕賷	1617	Hussein Dey	丨爻賷賳 丿丕賷	16	Alger	丕賱噩夭丕卅乇
591	Kouba	丕賱賯亘丞	1617	Hussein Dey	丨爻賷賳 丿丕賷	16	Alger	丕賱噩夭丕卅乇
594	Mohamed Belouzdad	賲丨賲丿 亘賱賵夭丿丕丿	1617	Hussein Dey	丨爻賷賳 丿丕賷	16	Alger	丕賱噩夭丕卅乇
555	Ain Taya	毓賷賳 胤丕賷丞	1620	Dar El Beida	丕賱丿丕乇 丕賱亘賷囟丕亍	16	Alger	丕賱噩夭丕卅乇
558	Bab Ezzouar	亘丕亘 丕賱夭賵丕乇	1620	Dar El Beida	丕賱丿丕乇 丕賱亘賷囟丕亍	16	Alger	丕賱噩夭丕卅乇
568	Bordj El Bahri	亘乇噩 丕賱亘丨乇賷	1620	Dar El Beida	丕賱丿丕乇 丕賱亘賷囟丕亍	16	Alger	丕賱噩夭丕卅乇
569	Bordj El Kiffan	亘乇噩 丕賱賰賷賮丕賳	1620	Dar El Beida	丕賱丿丕乇 丕賱亘賷囟丕亍	16	Alger	丕賱噩夭丕卅乇
574	Dar El Beida	丕賱丿丕乇 丕賱亘賷囟丕亍	1620	Dar El Beida	丕賱丿丕乇 丕賱亘賷囟丕亍	16	Alger	丕賱噩夭丕卅乇
584	El Marsa	丕賱賲乇爻賶	1620	Dar El Beida	丕賱丿丕乇 丕賱亘賷囟丕亍	16	Alger	丕賱噩夭丕卅乇
595	Mohammadia	丕賱賲丨賲丿賷丞	1620	Dar El Beida	丕賱丿丕乇 丕賱亘賷囟丕亍	16	Alger	丕賱噩夭丕卅乇
566	Bir Touta	亘卅乇 鬲賵鬲丞	1636	Birtouta	亘卅乇 鬲賵鬲丞	16	Alger	丕賱噩夭丕卅乇
598	Ouled Chebel	丕賵賱丕丿 卮亘賱	1636	Birtouta	亘卅乇 鬲賵鬲丞	16	Alger	丕賱噩夭丕卅乇
609	Tessala El Merdja	鬲爻丕賱丞 丕賱賲乇噩丞	1636	Birtouta	亘卅乇 鬲賵鬲丞	16	Alger	丕賱噩夭丕卅乇
587	Herraoua	賴乇丕賵丞	1638	Rouiba	丕賱乇賵賷亘丞	16	Alger	丕賱噩夭丕卅乇
602	Reghaia	乇睾丕賷丞	1638	Rouiba	丕賱乇賵賷亘丞	16	Alger	丕賱噩夭丕卅乇
603	Rouiba	丕賱乇賵賷亘丞	1638	Rouiba	丕賱乇賵賷亘丞	16	Alger	丕賱噩夭丕卅乇
593	Maalma	丕賱賲毓丕賱賲丞	1644	Zeralda	夭乇丕賱丿丞	16	Alger	丕賱噩夭丕卅乇
600	Rahmania	丕賱乇丨賲丕賳賷丞	1644	Zeralda	夭乇丕賱丿丞	16	Alger	丕賱噩夭丕卅乇
607	Souidania	爻賵賷丿丕賳賷丞	1644	Zeralda	夭乇丕賱丿丞	16	Alger	丕賱噩夭丕卅乇
608	Staoueli	爻胤丕賵丕賱賷	1644	Zeralda	夭乇丕賱丿丞	16	Alger	丕賱噩夭丕卅乇
610	Zeralda	夭乇丕賱丿丞	1644	Zeralda	夭乇丕賱丿丞	16	Alger	丕賱噩夭丕卅乇
559	Baba Hassen	亘丕亘丕 丨爻賳	1649	Draria	丕賱丿乇丕乇賷丞	16	Alger	丕賱噩夭丕卅乇
577	Douira	丕賱丿賵賷乇丞	1649	Draria	丕賱丿乇丕乇賷丞	16	Alger	丕賱噩夭丕卅乇
578	Draria	丕賱丿乇丕乇賷丞	1649	Draria	丕賱丿乇丕乇賷丞	16	Alger	丕賱噩夭丕卅乇
579	El Achour	丕賱毓丕卮賵乇	1649	Draria	丕賱丿乇丕乇賷丞	16	Alger	丕賱噩夭丕卅乇
590	Khraissia	丕賱禺乇丕賷爻賷丞	1649	Draria	丕賱丿乇丕乇賷丞	16	Alger	丕賱噩夭丕卅乇
554	Ain Benian	毓賷賳 亘賳賷丕賳	1652	Cheraga	丕賱卮乇丕賯丞	16	Alger	丕賱噩夭丕卅乇
573	Cheraga	丕賱卮乇丕賯丞	1652	Cheraga	丕賱卮乇丕賯丞	16	Alger	丕賱噩夭丕卅乇
575	Dely Ibrahim	丿丕賱賷 丕亘乇丕賴賷賲	1652	Cheraga	丕賱卮乇丕賯丞	16	Alger	丕賱噩夭丕卅乇
586	Hammamet	丕賱丨賲丕賲丕鬲	1652	Cheraga	丕賱卮乇丕賯丞	16	Alger	丕賱噩夭丕卅乇
599	Ouled Fayet	丕賵賱丕丿 賮丕賷鬲	1652	Cheraga	丕賱卮乇丕賯丞	16	Alger	丕賱噩夭丕卅乇
624	Djelfa	丕賱噩賱賮丞	1701	Djelfa	丕賱噩賱賮丞	17	Djelfa	丕賱噩賱賮丞
614	Ain Maabed	毓賷賳 賲毓亘丿	1704	Hassi Bahbah	丨丕爻賷 亘丨亘丨	17	Djelfa	丕賱噩賱賮丞
633	Hassi Bahbah	丨丕爻賷 亘丨亘丨	1704	Hassi Bahbah	丨丕爻賷 亘丨亘丨	17	Djelfa	丕賱噩賱賮丞
634	Hassi El Euch	丨丕爻賷 丕賱毓卮	1704	Hassi Bahbah	丨丕爻賷 亘丨亘丨	17	Djelfa	丕賱噩賱賮丞
645	Zaafrane	夭毓賮乇丕賳	1704	Hassi Bahbah	丨丕爻賷 亘丨亘丨	17	Djelfa	丕賱噩賱賮丞
616	Amourah	毓賲賵乇丞	1707	Faidh El Botma	賮賷囟 丕賱亘胤賲丞	17	Djelfa	丕賱噩賱賮丞
629	Faidh El Botma	賮賷囟 丕賱亘胤賲丞	1707	Faidh El Botma	賮賷囟 丕賱亘胤賲丞	17	Djelfa	丕賱噩賱賮丞
639	Oum Laadham	兀賲 丕賱毓馗丕賲	1707	Faidh El Botma	賮賷囟 丕賱亘胤賲丞	17	Djelfa	丕賱噩賱賮丞
618	Birine	亘賷乇賷賳	1708	Birine	亘賷乇賷賳	17	Djelfa	丕賱噩賱賮丞
617	Benhar	亘賳賴丕乇	1708	Birine	亘賷乇賷賳	17	Djelfa	丕賱噩賱賮丞
611	Ain El Ibel	毓賷賳 丕賱廿亘賱	1730	Ain El Ibel	毓賷賳 丕賱廿亘賱	17	Djelfa	丕賱噩賱賮丞
638	Moudjebara	賲噩亘丕乇丞	1730	Ain El Ibel	毓賷賳 丕賱廿亘賱	17	Djelfa	丕賱噩賱賮丞
644	Taadmit	鬲毓馗賲賷鬲	1730	Ain El Ibel	毓賷賳 丕賱廿亘賱	17	Djelfa	丕賱噩賱賮丞
646	Zaccar	夭賰丕乇	1730	Ain El Ibel	毓賷賳 丕賱廿亘賱	17	Djelfa	丕賱噩賱賮丞
615	Ain Oussera	毓賷賳 賵爻丕乇丞	1731	Ain Oussera	毓賷賳 賵爻丕乇丞	17	Djelfa	丕賱噩賱賮丞
630	Guernini	賯乇賳賷賳賷	1731	Ain Oussera	毓賷賳 賵爻丕乇丞	17	Djelfa	丕賱噩賱賮丞
662	Jijel	噩賷噩賱	1801	Jijel	噩賷噩賱	18	Jijel	噩賷噩賱
656	El Aouana	丕賱毓賵丕賳丞	1803	El Aouana	丕賱毓賵丕賳丞	18	Jijel	噩賷噩賱
668	Selma Benziada	爻賱賲賶 亘賳 夭賷丕丿丞	1803	El Aouana	丕賱毓賵丕賳丞	18	Jijel	噩賷噩賱
660	Erraguene Souissi	兀乇丕賯賳 爻賵賷爻賷	1804	Ziamah Mansouriah	夭賷丕賲丞 賲賳氐賵乇賷丞	18	Jijel	噩賷噩賱
674	Ziama Mansouriah	夭賷丕賲丞 賲賳氐賵乇賷丞	1804	Ziamah Mansouriah	夭賷丕賲丞 賲賳氐賵乇賷丞	18	Jijel	噩賷噩賱
650	Boussif Ouled Askeur	亘賵爻賷賮 兀賵賱丕丿 毓爻賰乇	1805	Taher	丕賱胤丕賴賷乇	18	Jijel	噩賷噩賱
651	Chahna	丕賱卮丨賳丞	1805	Taher	丕賱胤丕賴賷乇	18	Jijel	噩賷噩賱
659	Emir Abdelkader	丕賱丕賲賷乇 毓亘丿 丕賱賯丕丿乇	1805	Taher	丕賱胤丕賴賷乇	18	Jijel	噩賷噩賱
665	Oudjana	賵噩丕賳丞	1805	Taher	丕賱胤丕賴賷乇	18	Jijel	噩賷噩賱
672	Taher	丕賱胤丕賴賷乇	1805	Taher	丕賱胤丕賴賷乇	18	Jijel	噩賷噩賱
647	Bordj T'har	亘乇噩 丕賱胤賴乇	1807	Chekfa	丕賱卮賯賮丞	18	Jijel	噩賷噩賱
652	Chekfa	丕賱卮賯賮丞	1807	Chekfa	丕賱卮賯賮丞	18	Jijel	噩賷噩賱
657	El Kennar Nouchfi	丕賱賯賳丕乇 賳卮賮賷	1807	Chekfa	丕賱卮賯賮丞	18	Jijel	噩賷噩賱
670	Sidi Abdelaziz	爻賷丿賷 毓亘丿 丕賱毓夭賷夭	1807	Chekfa	丕賱卮賯賮丞	18	Jijel	噩賷噩賱
658	El Milia	丕賱賲賷賱賷丞	1809	El Milia	丕賱賲賷賱賷丞	18	Jijel	噩賷噩賱
667	Ouled Yahia Khadrouch	兀賵賱丕丿 賷丨賷賶 禺丿乇賵卮	1809	El Milia	丕賱賲賷賱賷丞	18	Jijel	噩賷噩賱
666	Ouled Rabah	兀賵賱丕丿 乇丕亘丨	1810	Sidi Marouf	爻賷丿賷 賲毓乇賵賮	18	Jijel	噩賷噩賱
671	Sidi Marouf	爻賷丿賷 賲毓乇賵賮	1810	Sidi Marouf	爻賷丿賷 賲毓乇賵賮	18	Jijel	噩賷噩賱
661	Ghebala	睾亘丕賱丞	1811	Settara	丕賱爻胤丕乇丞	18	Jijel	噩賷噩賱
669	Settara	丕賱爻胤丕乇丞	1811	Settara	丕賱爻胤丕乇丞	18	Jijel	噩賷噩賱
649	Bouraoui Belhadef	亘賵乇丕賵賷 亘賱賴丕丿賮	1812	El Ancer	丕賱毓賳氐乇	18	Jijel	噩賷噩賱
653	Djemaa Beni Habibi	丕賱噩賲毓丞 亘賳賷 丨亘賷亘賷	1812	El Ancer	丕賱毓賳氐乇	18	Jijel	噩賷噩賱
655	El Ancer	丕賱毓賳氐乇	1812	El Ancer	丕賱毓賳氐乇	18	Jijel	噩賷噩賱
664	Khiri Oued Adjoul	禺賷乇賷 賵丕丿 毓噩賵賱	1812	El Ancer	丕賱毓賳氐乇	18	Jijel	噩賷噩賱
648	Boudria Beniyadjis	亘賵丿乇賷毓丞 亘賳賷  賷丕噩賷爻	1817	Djimla	噩賷賲賱丞	18	Jijel	噩賷噩賱
654	Djimla	噩賷賲賱丞	1817	Djimla	噩賷賲賱丞	18	Jijel	噩賷噩賱
663	Kaous	賯丕賵爻	1824	Texenna	鬲丕賰爻賳丞	18	Jijel	噩賷噩賱
673	Texenna	鬲丕賰爻賳丞	1824	Texenna	鬲丕賰爻賳丞	18	Jijel	噩賷噩賱
729	Setif	爻胤賷賮	1901	Setif	爻胤賷賮	19	S茅tif	爻胤賷賮
678	Ain El Kebira	毓賷賳 丕賱賰亘賷乇丞	1902	Ain El Kebira	毓賷賳 丕賱賰亘賷乇丞	19	S茅tif	爻胤賷賮
703	Dehamcha	丕賱丿賴丕賲卮丞	1902	Ain El Kebira	毓賷賳 丕賱賰亘賷乇丞	19	S茅tif	爻胤賷賮
722	Ouled Addouane	兀賵賱丕丿 毓丿賵丕賳	1902	Ain El Kebira	毓賷賳 丕賱賰亘賷乇丞	19	S茅tif	爻胤賷賮
683	Ain-Sebt	毓賷賳 丕賱爻亘鬲	1903	Beni Aziz	亘賳賷 毓夭賷夭	19	S茅tif	爻胤賷賮
695	Beni-Aziz	亘賳賷 毓夭賷夭	1903	Beni Aziz	亘賳賷 毓夭賷夭	19	S茅tif	爻胤賷賮
718	Maaouia	賲毓丕賵賷丞	1903	Beni Aziz	亘賳賷 毓夭賷夭	19	S茅tif	爻胤賷賮
690	Bellaa	亘賱丕毓丞	1908	Bir El Arch	亘卅乇 丕賱毓乇卮	19	S茅tif	爻胤賷賮
698	Bir-El-Arch	亘卅乇 丕賱毓乇卮	1908	Bir El Arch	亘卅乇 丕賱毓乇卮	19	S茅tif	爻胤賷賮
708	El-Ouldja	丕賱賵賱噩丞	1908	Bir El Arch	亘卅乇 丕賱毓乇卮	19	S茅tif	爻胤賷賮
730	Tachouda	鬲丕卮賵丿丞	1908	Bir El Arch	亘卅乇 丕賱毓乇卮	19	S茅tif	爻胤賷賮
687	Babor	亘丕亘賵乇	1916	Babor	亘丕亘賵乇	19	S茅tif	爻胤賷賮
728	Serdj-El-Ghoul	爻乇噩 丕賱睾賵賱	1916	Babor	亘丕亘賵乇	19	S茅tif	爻胤賷賮
712	Guidjel	賯噩丕賱	1917	Guidjel	賯噩丕賱	19	S茅tif	爻胤賷賮
723	Ouled Sabor	兀賵賱丕丿 氐丕亘乇	1917	Guidjel	賯噩丕賱	19	S茅tif	爻胤賷賮
688	Bazer-Sakra	亘丕夭乇 爻賰乇丞	1920	El Eulma	丕賱毓賱賲丞	19	S茅tif	爻胤賷賮
706	El Eulma	丕賱毓賱賲丞	1920	El Eulma	丕賱毓賱賲丞	19	S茅tif	爻胤賷賮
710	Guelta Zerka	賯賱鬲丞 夭乇賯丕亍	1920	El Eulma	丕賱毓賱賲丞	19	S茅tif	爻胤賷賮
692	Beni Fouda	亘賳賷 賮賵丿丞	1921	Djemila	噩賲賷賱丞	19	S茅tif	爻胤賷賮
704	Djemila	噩賲賷賱丞	1921	Djemila	噩賲賷賱丞	19	S茅tif	爻胤賷賮
681	Ain-Legradj	毓賷賳 賱賯乇丕噩	1922	Beni Ourtilane	亘賳賷 賵乇鬲賷賱丕賳	19	S茅tif	爻胤賷賮
691	Beni Chebana	亘賳賷 卮亘丕賳丞	1922	Beni Ourtilane	亘賳賷 賵乇鬲賷賱丕賳	19	S茅tif	爻胤賷賮
693	Beni Ourtilane	亘賳賷 賵乇鬲賷賱丕賳	1922	Beni Ourtilane	亘賳賷 賵乇鬲賷賱丕賳	19	S茅tif	爻胤賷賮
696	Beni-Mouhli	亘賳賷 賲賵丨賱賷	1922	Beni Ourtilane	亘賳賷 賵乇鬲賷賱丕賳	19	S茅tif	爻胤賷賮
675	Ain Abessa	毓賷賳 毓亘丕爻丞	1926	Ain Arnat	毓賷賳 兀乇賳丕鬲	19	S茅tif	爻胤賷賮
676	Ain Arnat	毓賷賳 兀乇賳丕鬲	1926	Ain Arnat	毓賷賳 兀乇賳丕鬲	19	S茅tif	爻胤賷賮
707	El Ouricia	兀賵乇賷爻賷丕	1926	Ain Arnat	毓賷賳 兀乇賳丕鬲	19	S茅tif	爻胤賷賮
720	Mezloug	賲夭賱賵賯	1926	Ain Arnat	毓賷賳 兀乇賳丕鬲	19	S茅tif	爻胤賷賮
686	Amoucha	毓賲賵卮丞	1927	Amoucha	毓賲賵卮丞	19	S茅tif	爻胤賷賮
721	Oued El Bared	賵丕丿賷 丕賱亘丕乇丿	1927	Amoucha	毓賲賵卮丞	19	S茅tif	爻胤賷賮
734	Tizi N'bechar	鬲賷夭賷 賳亘卮丕乇	1927	Amoucha	毓賲賵卮丞	19	S茅tif	爻胤賷賮
680	Ain Oulmene	毓賷賳 賵賱賲丕賳	1928	Ain Oulmene	毓賷賳 賵賱賲丕賳	19	S茅tif	爻胤賷賮
709	Guellal	賯賱丕賱	1928	Ain Oulmene	毓賷賳 賵賱賲丕賳	19	S茅tif	爻胤賷賮
717	Kasr El Abtal	賯氐乇 丕賱丕亘胤丕賱	1928	Ain Oulmene	毓賷賳 賵賱賲丕賳	19	S茅tif	爻胤賷賮
724	Ouled Tebben	兀賵賱丕丿 鬲亘丕賳	1928	Ain Oulmene	毓賷賳 賵賱賲丕賳	19	S茅tif	爻胤賷賮
684	Ait Naoual Mezada	兀賷鬲 賳賵丕賱 賲夭丕丿丞	1930	Bouandas	亘賵毓賳丿丕爻	19	S茅tif	爻胤賷賮
685	Ait-Tizi	丕賷鬲 鬲賷夭賷	1930	Bouandas	亘賵毓賳丿丕爻	19	S茅tif	爻胤賷賮
699	Bouandas	亘賵毓賳丿丕爻	1930	Bouandas	亘賵毓賳丿丕爻	19	S茅tif	爻胤賷賮
701	Bousselam	亘賵爻賱丕賲	1930	Bouandas	亘賵毓賳丿丕爻	19	S茅tif	爻胤賷賮
713	Hamam Soukhna	丨賲丕賲 丕賱爻禺賳丞	1932	Hammam Sokhna	丨賲丕賲 丕賱爻禺賳丞	19	S茅tif	爻胤賷賮
732	Taya	丕賱胤丕賷丞	1932	Hammam Sokhna	丨賲丕賲 丕賱爻禺賳丞	19	S茅tif	爻胤賷賮
733	Tella	丕賱鬲賱丞	1932	Hammam Sokhna	丨賲丕賲 丕賱爻禺賳丞	19	S茅tif	爻胤賷賮
702	Boutaleb	亘賵胤丕賱亘	1939	Salah Bey	氐丕賱丨 亘丕賷	19	S茅tif	爻胤賷賮
714	Hamma	丕賱丨丕賲丞	1939	Salah Bey	氐丕賱丨 亘丕賷	19	S茅tif	爻胤賷賮
725	Ouled Tebben	兀賵賱丕丿 鬲亘丕賳	1939	Salah Bey	氐丕賱丨 亘丕賷	19	S茅tif	爻胤賷賮
726	Rosfa	丕賱乇氐賮丞	1939	Salah Bey	氐丕賱丨 亘丕賷	19	S茅tif	爻胤賷賮
727	Salah Bey	氐丕賱丨 亘丕賷	1939	Salah Bey	氐丕賱丨 亘丕賷	19	S茅tif	爻胤賷賮
677	Ain Azel	毓賷賳 兀夭丕賱	1940	Ain Azel	毓賷賳 兀夭丕賱	19	S茅tif	爻胤賷賮
679	Ain Lahdjar	毓賷賳 丕賱丨噩乇	1940	Ain Azel	毓賷賳 兀夭丕賱	19	S茅tif	爻胤賷賮
689	Beidha Bordj	亘賷囟丕亍 亘乇噩	1940	Ain Azel	毓賷賳 兀夭丕賱	19	S茅tif	爻胤賷賮
697	Bir Haddada	亘卅乇 丨丿丕丿丞	1940	Ain Azel	毓賷賳 兀夭丕賱	19	S茅tif	爻胤賷賮
711	Guenzet	賯賳夭丕鬲	1941	Guenzet	賯賳夭丕鬲	19	S茅tif	爻胤賷賮
716	Harbil	丨乇亘賷賱	1941	Guenzet	賯賳夭丕鬲	19	S茅tif	爻胤賷賮
682	Ain-Roua	毓賷賳 丕賱乇賵賶	1943	Bougaa	亘賵賯丕毓丞	19	S茅tif	爻胤賷賮
694	Beni Oussine	亘賳賷 賵爻賷賳	1943	Bougaa	亘賵賯丕毓丞	19	S茅tif	爻胤賷賮
700	Bougaa	亘賵賯丕毓丞	1943	Bougaa	亘賵賯丕毓丞	19	S茅tif	爻胤賷賮
705	Draa-Kebila	匕乇丕毓 賯亘賷賱丞	1950	Hammam Guergour	丨賲丕賲 賯乇賯賵乇	19	S茅tif	爻胤賷賮
715	Hammam Guergour	丨賲丕賲 賯乇賯賵乇	1950	Hammam Guergour	丨賲丕賲 賯乇賯賵乇	19	S茅tif	爻胤賷賮
719	Maouaklane	賲丕賵賰賱丕賳	1955	Maoklane	賲丕賵賰賱丕賳	19	S茅tif	爻胤賷賮
731	Tala-Ifacene	鬲丕賱丞 廿賷賮丕爻賳	1955	Maoklane	賲丕賵賰賱丕賳	19	S茅tif	爻胤賷賮
745	Saida	爻毓賷丿丞	2001	Saida	爻毓賷丿丞	20	Sa茂da	爻毓賷丿丞
735	Ain El Hadjar	毓賷賳 丕賱丨噩乇	2003	Ain El Hadjar	毓賷賳 丕賱丨噩乇	20	Sa茂da	爻毓賷丿丞
742	Moulay Larbi	賲賵賱丕賷 丕賱毓乇亘賷	2003	Ain El Hadjar	毓賷賳 丕賱丨噩乇	20	Sa茂da	爻毓賷丿丞
746	Sidi Ahmed	爻賷丿賷 丕丨賲丿	2003	Ain El Hadjar	毓賷賳 丕賱丨噩乇	20	Sa茂da	爻毓賷丿丞
738	Doui Thabet	丿賵賷 孬丕亘鬲	2006	Youb	賷賵亘	20	Sa茂da	爻毓賷丿丞
750	Youb	賷賵亘	2006	Youb	賷賵亘	20	Sa茂da	爻毓賷丿丞
740	Hounet	賴賵賳鬲	2009	Sidi Boubekeur	爻賷丿賷 亘賵亘賰乇	20	Sa茂da	爻毓賷丿丞
744	Ouled Khaled	兀賵賱丕丿 禺丕賱丿	2009	Sidi Boubekeur	爻賷丿賷 亘賵亘賰乇	20	Sa茂da	爻毓賷丿丞
747	Sidi Amar	爻賷丿賷 毓賲乇	2009	Sidi Boubekeur	爻賷丿賷 亘賵亘賰乇	20	Sa茂da	爻毓賷丿丞
748	Sidi Boubekeur	爻賷丿賷 亘賵亘賰乇	2009	Sidi Boubekeur	爻賷丿賷 亘賵亘賰乇	20	Sa茂da	爻毓賷丿丞
736	Ain Sekhouna	毓賷賳 丕賱爻禺賵賳丞	2010	El Hassasna	丕賱丨爻丕爻賳丞	20	Sa茂da	爻毓賷丿丞
739	El Hassasna	丕賱丨爻丕爻賳丞	2010	El Hassasna	丕賱丨爻丕爻賳丞	20	Sa茂da	爻毓賷丿丞
741	Maamora	丕賱賲毓賲賵乇丞	2010	El Hassasna	丕賱丨爻丕爻賳丞	20	Sa茂da	爻毓賷丿丞
737	Ain Soltane	毓賷賳 丕賱爻賱胤丕賳	2014	Ouled Brahim	兀賵賱丕丿 丕亘乇丕賴賷賲	20	Sa茂da	爻毓賷丿丞
743	Ouled Brahim	兀賵賱丕丿 廿亘乇丕賴賷賲	2014	Ouled Brahim	兀賵賱丕丿 丕亘乇丕賴賷賲	20	Sa茂da	爻毓賷丿丞
749	Tircine	鬲賷乇爻賷賳	2014	Ouled Brahim	兀賵賱丕丿 丕亘乇丕賴賷賲	20	Sa茂da	爻毓賷丿丞
772	Filfla	賮賱賮賱丞	2101	Skikda	爻賰賷賰丿丞	21	Skikda	爻賰賷賰丿丞
773	Hammadi Krouma	丨賲丕丿賷 賰乇賵賲丞	2101	Skikda	爻賰賷賰丿丞	21	Skikda	爻賰賷賰丿丞
785	Skikda	爻賰賷賰丿丞	2101	Skikda	爻賰賷賰丿丞	21	Skikda	爻賰賷賰丿丞
754	Ain Zouit	毓賷賳 夭賵賷鬲	2103	El Hadaiek	丕賱丨丿丕卅賯	21	Skikda	爻賰賷賰丿丞
762	Bouchetata	亘賵卮胤丕胤丞	2103	El Hadaiek	丕賱丨丿丕卅賯	21	Skikda	爻賰賷賰丿丞
768	El Hadaiek	丕賱丨丿丕卅賯	2103	El Hadaiek	丕賱丨丿丕卅賯	21	Skikda	爻賰賷賰丿丞
752	Ain Charchar	毓賷賳 卮乇卮丕乇	2104	Azzaba	毓夭丕亘丞	21	Skikda	爻賰賷賰丿丞
755	Azzaba	毓夭丕亘丞	2104	Azzaba	毓夭丕亘丞	21	Skikda	爻賰賷賰丿丞
765	Djendel Saadi Mohamed	噩賳丿賱 爻毓丿賷 賲丨賲丿	2104	Azzaba	毓夭丕亘丞	21	Skikda	爻賰賷賰丿丞
767	El Ghedir	丕賱睾丿賷乇	2104	Azzaba	毓夭丕亘丞	21	Skikda	爻賰賷賰丿丞
771	Es Sebt	丕賱爻亘鬲	2104	Azzaba	毓夭丕亘丞	21	Skikda	爻賰賷賰丿丞
756	Bekkouche Lakhdar	亘賰賵卮 賱禺囟乇	2108	Ben Azzouz	亘賳 毓夭賵夭	21	Skikda	爻賰賷賰丿丞
757	Ben Azzouz	亘賳 毓夭賵夭	2108	Ben Azzouz	亘賳 毓夭賵夭	21	Skikda	爻賰賷賰丿丞
769	El Marsa	丕賱賲乇爻賶	2108	Ben Azzouz	亘賳 毓夭賵夭	21	Skikda	爻賰賷賰丿丞
760	Beni Zid	亘賳賷 夭賷丿	2110	Collo	丕賱賯賱	21	Skikda	爻賰賷賰丿丞
763	Cheraia	丕賱卮乇丕賷毓	2110	Collo	丕賱賯賱	21	Skikda	爻賰賷賰丿丞
764	Collo	丕賱賯賱	2110	Collo	丕賱賯賱	21	Skikda	爻賰賷賰丿丞
776	Khenag Maoune	禺賳丕賯 賲丕賷賵	2113	Ouled Attia	兀賵賱丕丿 毓胤賷丞	21	Skikda	爻賰賷賰丿丞
777	Oued Zhour	賵丕丿賷 丕賱夭賴賵乇	2113	Ouled Attia	兀賵賱丕丿 毓胤賷丞	21	Skikda	爻賰賷賰丿丞
779	Ouled Attia	兀賵賱丕丿 毓胤賷丞	2113	Ouled Attia	兀賵賱丕丿 毓胤賷丞	21	Skikda	爻賰賷賰丿丞
774	Kanoua	賯賳賵丕毓	2115	Zitouna	丕賱夭賷鬲賵賳丞	21	Skikda	爻賰賷賰丿丞
788	Zitouna	丕賱夭賷鬲賵賳丞	2115	Zitouna	丕賱夭賷鬲賵賳丞	21	Skikda	爻賰賷賰丿丞
766	El Arrouch	丕賱丨乇賵卮	2116	El Harrouch	丕賱丨乇賵卮	21	Skikda	爻賰賷賰丿丞
770	Emjez Edchich	賲噩丕夭 丕賱丿卮賷卮	2116	El Harrouch	丕賱丨乇賵卮	21	Skikda	爻賰賷賰丿丞
780	Ouled Habbaba	兀賵賱丕丿 丨亘丕亘丞	2116	El Harrouch	丕賱丨乇賵卮	21	Skikda	爻賰賷賰丿丞
783	Salah Bouchaour	氐丕賱丨 亘賵 丕賱卮毓賵乇	2116	El Harrouch	丕賱丨乇賵卮	21	Skikda	爻賰賷賰丿丞
787	Zerdezas	夭乇丿丕夭丞	2116	El Harrouch	丕賱丨乇賵卮	21	Skikda	爻賰賷賰丿丞
751	Ain Bouziane	毓賷賳 亘賵夭賷丕賳	2119	Sidi Mezghiche	爻賷丿賷 賲夭睾賷卮	21	Skikda	爻賰賷賰丿丞
759	Beni Oulbane	亘賳賷 賵賱亘丕賳	2119	Sidi Mezghiche	爻賷丿賷 賲夭睾賷卮	21	Skikda	爻賰賷賰丿丞
784	Sidi Mezghiche	爻賷丿賷 賲夭睾賷卮	2119	Sidi Mezghiche	爻賷丿賷 賲夭睾賷卮	21	Skikda	爻賰賷賰丿丞
758	Beni Bechir	亘賳賷 亘卮賷乇	2123	Ramdane Djamel	乇賲囟丕賳 噩賲丕賱	21	Skikda	爻賰賷賰丿丞
782	Ramdane Djamel	乇賲囟丕賳 噩賲丕賱	2123	Ramdane Djamel	乇賲囟丕賳 噩賲丕賱	21	Skikda	爻賰賷賰丿丞
761	Bin El Ouiden	亘賷賳 丕賱賵賷丿丕賳	2126	Tamalous	鬲賲丕賱賵爻	21	Skikda	爻賰賷賰丿丞
775	Kerkara	丕賱賰乇賰乇丞	2126	Tamalous	鬲賲丕賱賵爻	21	Skikda	爻賰賷賰丿丞
786	Tamalous	鬲賲丕賱賵爻	2126	Tamalous	鬲賲丕賱賵爻	21	Skikda	爻賰賷賰丿丞
753	Ain Kechra	毓賷賳 賯卮乇丞	2127	Ain Kechra	毓賷賳 賯卮乇丞	21	Skikda	爻賰賷賰丿丞
778	Ouldja Boulbalout	丕賱賵賱噩丞 亘賵賱亘賱賵胤	2127	Ain Kechra	毓賷賳 賯卮乇丞	21	Skikda	爻賰賷賰丿丞
781	Oum Toub	兀賲 丕賱胤賵亘	2128	Oum Toub	兀賲 丕賱胤賵亘	21	Skikda	爻賰賷賰丿丞
824	Sidi Bel-Abbes	爻賷丿賷 亘賱毓亘丕爻	2201	Sidi Bel Abbes	爻賷丿賷 亘賱毓亘丕爻	22	Sidi Bel Abb猫s	爻賷丿賷 亘賱毓亘丕爻
791	Ain Thrid	毓賷賳 丕賱孬乇賷丿	2202	Tessala	鬲爻丕賱丞	22	Sidi Bel Abb猫s	爻賷丿賷 亘賱毓亘丕爻
820	Sehala Thaoura	丕賱爻賴丕賱丞 丕賱孬賵乇丞	2202	Tessala	鬲爻丕賱丞	22	Sidi Bel Abb猫s	爻賷丿賷 亘賱毓亘丕爻
838	Tessala	鬲爻丕賱丞	2202	Tessala	鬲爻丕賱丞	22	Sidi Bel Abb猫s	爻賷丿賷 亘賱毓亘丕爻
796	Belarbi	亘賱毓乇亘賷	2204	Mostefa  Ben Brahim	賲氐胤賮賶 亘賳 丕亘乇丕賴賷賲	22	Sidi Bel Abb猫s	爻賷丿賷 亘賱毓亘丕爻
813	Mostefa  Ben Brahim	賲氐胤賮賶 亘賳 丕亘乇丕賴賷賲	2204	Mostefa  Ben Brahim	賲氐胤賮賶 亘賳 丕亘乇丕賴賷賲	22	Sidi Bel Abb猫s	爻賷丿賷 亘賱毓亘丕爻
839	Tilmouni	鬲賱賲賵賳賷	2204	Mostefa  Ben Brahim	賲氐胤賮賶 亘賳 丕亘乇丕賴賷賲	22	Sidi Bel Abb猫s	爻賷丿賷 亘賱毓亘丕爻
840	Zerouala	夭乇賵丕賱丞	2204	Mostefa  Ben Brahim	賲氐胤賮賶 亘賳 丕亘乇丕賴賷賲	22	Sidi Bel Abb猫s	爻賷丿賷 亘賱毓亘丕爻
803	Dhaya	丕賱囟丕賷丞	2205	Telagh	鬲賱丕睾	22	Sidi Bel Abb猫s	爻賷丿賷 亘賱毓亘丕爻
812	Mezaourou	賲夭丕賵乇賵	2205	Telagh	鬲賱丕睾	22	Sidi Bel Abb猫s	爻賷丿賷 亘賱毓亘丕爻
835	Teghalimet	鬲睾丕賱賷賲鬲	2205	Telagh	鬲賱丕睾	22	Sidi Bel Abb猫s	爻賷丿賷 亘賱毓亘丕爻
836	Telagh	鬲賱丕睾	2205	Telagh	鬲賱丕睾	22	Sidi Bel Abb猫s	爻賷丿賷 亘賱毓亘丕爻
790	Ain Kada	毓賷賳 賯丕丿丞	2208	Sidi Ali Boussidi	爻賷丿賷 毓賱賷 亘賵爻賷丿賷	22	Sidi Bel Abb猫s	爻賷丿賷 亘賱毓亘丕爻
807	Lamtar	賱賲胤丕乇	2208	Sidi Ali Boussidi	爻賷丿賷 毓賱賷 亘賵爻賷丿賷	22	Sidi Bel Abb猫s	爻賷丿賷 亘賱毓亘丕爻
823	Sidi Ali Boussidi	爻賷丿賷 毓賱賷 亘賵爻賷丿賷	2208	Sidi Ali Boussidi	爻賷丿賷 毓賱賷 亘賵爻賷丿賷	22	Sidi Bel Abb猫s	爻賷丿賷 亘賱毓亘丕爻
827	Sidi Dahou Zairs	爻賷丿賷 丿丨賵 丕賱夭丕賷乇	2208	Sidi Ali Boussidi	爻賷丿賷 毓賱賷 亘賵爻賷丿賷	22	Sidi Bel Abb猫s	爻賷丿賷 亘賱毓亘丕爻
799	Bir El Hammam	亘卅乇 丕賱丨賲丕賲	2210	Marhoum	賲乇丨賵賲	22	Sidi Bel Abb猫s	爻賷丿賷 亘賱毓亘丕爻
809	Marhoum	賲乇丨賵賲	2210	Marhoum	賲乇丨賵賲	22	Sidi Bel Abb猫s	爻賷丿賷 亘賱毓亘丕爻
826	Sidi Chaib	爻賷丿賷 卮毓賷亘	2210	Marhoum	賲乇丨賵賲	22	Sidi Bel Abb猫s	爻賷丿賷 亘賱毓亘丕爻
794	Amarnas	丕賱毓賲丕乇賳丞	2214	Sidi Lahcene	爻賷丿賷 賱丨爻賳	22	Sidi Bel Abb猫s	爻賷丿賷 亘賱毓亘丕爻
829	Sidi Khaled	爻賷丿賷 禺丕賱丿	2214	Sidi Lahcene	爻賷丿賷 賱丨爻賳	22	Sidi Bel Abb猫s	爻賷丿賷 亘賱毓亘丕爻
830	Sidi Lahcene	爻賷丿賷 賱丨爻賳	2214	Sidi Lahcene	爻賷丿賷 賱丨爻賳	22	Sidi Bel Abb猫s	爻賷丿賷 亘賱毓亘丕爻
831	Sidi Yacoub	爻賷丿賷 賷毓賯賵亘	2214	Sidi Lahcene	爻賷丿賷 賱丨爻賳	22	Sidi Bel Abb猫s	爻賷丿賷 亘賱毓亘丕爻
798	Benachiba Chelia	亘賳 毓卮賷亘丞 卮賱賷丞	2217	Tenira	鬲賳賷乇丞	22	Sidi Bel Abb猫s	爻賷丿賷 亘賱毓亘丕爻
805	Hassi Dahou	丨丕爻賷 丿丨賵	2217	Tenira	鬲賳賷乇丞	22	Sidi Bel Abb猫s	爻賷丿賷 亘賱毓亘丕爻
816	Oued Sefioun	賵丕丿賷 爻賮賷賵賳	2217	Tenira	鬲賳賷乇丞	22	Sidi Bel Abb猫s	爻賷丿賷 亘賱毓亘丕爻
837	Tenira	鬲賳賷乇丞	2217	Tenira	鬲賳賷乇丞	22	Sidi Bel Abb猫s	爻賷丿賷 亘賱毓亘丕爻
792	Ain Tindamine	毓賷賳 鬲賳丿賲賷賳	2218	Moulay Slissen	賲賵賱丕賷 爻賱賷爻賳	22	Sidi Bel Abb猫s	爻賷丿賷 亘賱毓亘丕爻
804	El Hacaiba	丕賱丨氐賷亘丞	2218	Moulay Slissen	賲賵賱丕賷 爻賱賷爻賳	22	Sidi Bel Abb猫s	爻賷丿賷 亘賱毓亘丕爻
814	Moulay Slissen	賲賵賱丕賷 爻賱賷爻賳	2218	Moulay Slissen	賲賵賱丕賷 爻賱賷爻賳	22	Sidi Bel Abb猫s	爻賷丿賷 亘賱毓亘丕爻
811	Merine	賲乇賷賳	2222	Merine	賲乇賷賳	22	Sidi Bel Abb猫s	爻賷丿賷 亘賱毓亘丕爻
817	Oued Taourira	賵丕丿賷 鬲丕賵乇賷乇丞	2222	Merine	賲乇賷賳	22	Sidi Bel Abb猫s	爻賷丿賷 亘賱毓亘丕爻
833	Taoudmout	鬲丕賵丿賲賵鬲	2222	Merine	賲乇賷賳	22	Sidi Bel Abb猫s	爻賷丿賷 亘賱毓亘丕爻
834	Tefessour	鬲賮爻賵乇	2222	Merine	賲乇賷賳	22	Sidi Bel Abb猫s	爻賷丿賷 亘賱毓亘丕爻
815	Oued Sebaa	賵丕丿賷 丕賱爻亘毓	2223	Ras El Ma	乇丕爻 丕賱賲丕亍	22	Sidi Bel Abb猫s	爻賷丿賷 亘賱毓亘丕爻
818	Ras El Ma	乇丕爻 丕賱賲丕亍	2223	Ras El Ma	乇丕爻 丕賱賲丕亍	22	Sidi Bel Abb猫s	爻賷丿賷 亘賱毓亘丕爻
819	Redjem Demouche	乇噩賲 丿賲賵卮	2223	Ras El Ma	乇丕爻 丕賱賲丕亍	22	Sidi Bel Abb猫s	爻賷丿賷 亘賱毓亘丕爻
789	Ain El Berd	毓賷賳 丕賱亘乇丿	2228	Ain El Berd	毓賷賳 丕賱亘乇丿	22	Sidi Bel Abb猫s	爻賷丿賷 亘賱毓亘丕爻
808	Makedra	賲賰丿乇丞	2228	Ain El Berd	毓賷賳 丕賱亘乇丿	22	Sidi Bel Abb猫s	爻賷丿賷 亘賱毓亘丕爻
825	Sidi Brahim	爻賷丿賷 丕亘乇丕賴賷賲	2228	Ain El Berd	毓賷賳 丕賱亘乇丿	22	Sidi Bel Abb猫s	爻賷丿賷 亘賱毓亘丕爻
828	Sidi Hamadouche	爻賷丿賷 丨賲丕丿賵卮	2228	Ain El Berd	毓賷賳 丕賱亘乇丿	22	Sidi Bel Abb猫s	爻賷丿賷 亘賱毓亘丕爻
793	Ain- Adden	毓賷賳 兀丿賳	2229	Sfisef	爻賮賷夭賮	22	Sidi Bel Abb猫s	爻賷丿賷 亘賱毓亘丕爻
800	Boudjebaa El Bordj	亘賵噩亘賴丞 丕賱亘乇噩	2229	Sfisef	爻賮賷夭賮	22	Sidi Bel Abb猫s	爻賷丿賷 亘賱毓亘丕爻
810	M'cid	賲爻賷丿	2229	Sfisef	爻賮賷夭賮	22	Sidi Bel Abb猫s	爻賷丿賷 亘賱毓亘丕爻
821	Sfisef	爻賮賷夭賮	2229	Sfisef	爻賮賷夭賮	22	Sidi Bel Abb猫s	爻賷丿賷 亘賱毓亘丕爻
795	Bedrabine El Mokrani	亘囟乇丕亘賷賳 丕賱賲賯乇丕賳賷	2245	Ben Badis	亘賳 亘丕丿賷爻	22	Sidi Bel Abb猫s	爻賷丿賷 亘賱毓亘丕爻
797	Ben Badis	亘賳 亘丕丿賷爻	2245	Ben Badis	亘賳 亘丕丿賷爻	22	Sidi Bel Abb猫s	爻賷丿賷 亘賱毓亘丕爻
802	Chetouane Belaila	卮賷胤賵丕賳 丕賱亘賱丕賷賱丞	2245	Ben Badis	亘賳 亘丕丿賷爻	22	Sidi Bel Abb猫s	爻賷丿賷 亘賱毓亘丕爻
806	Hassi Zahana	丨丕爻賷 夭賴丕賳丞	2245	Ben Badis	亘賳 亘丕丿賷爻	22	Sidi Bel Abb猫s	爻賷丿賷 亘賱毓亘丕爻
801	Boukhanefis	亘賵禺賳賮賷爻	2246	Sidi Ali Ben Youb	爻賷丿賷 毓賱賷 亘賳 賷賵亘	22	Sidi Bel Abb猫s	爻賷丿賷 亘賱毓亘丕爻
822	Sidi Ali Benyoub	爻賷丿賷 毓賱賷 亘賳 賷賵亘	2246	Sidi Ali Ben Youb	爻賷丿賷 毓賱賷 亘賳 賷賵亘	22	Sidi Bel Abb猫s	爻賷丿賷 亘賱毓亘丕爻
832	Tabia	胤丕亘賷丞	2246	Sidi Ali Ben Youb	爻賷丿賷 毓賱賷 亘賳 賷賵亘	22	Sidi Bel Abb猫s	爻賷丿賷 亘賱毓亘丕爻
842	Annaba	毓賳丕亘丞	2301	Annaba	毓賳丕亘丞	23	Annaba	毓賳丕亘丞
850	Seraidi	爻乇丕賷丿賷	2301	Annaba	毓賳丕亘丞	23	Annaba	毓賳丕亘丞
843	Berrahal	亘乇丨丕賱	2302	Berrahal	亘乇丨丕賱	23	Annaba	毓賳丕亘丞
849	Oued El Aneb	賵丕丿 丕賱毓賳亘	2302	Berrahal	亘乇丨丕賱	23	Annaba	毓賳丕亘丞
852	Treat	丕賱鬲乇賷毓丕鬲	2302	Berrahal	亘乇丨丕賱	23	Annaba	毓賳丕亘丞
848	El Hadjar	丕賱丨噩丕乇	2303	El Hadjar	丕賱丨噩丕乇	23	Annaba	毓賳丕亘丞
851	Sidi Amar	爻賷丿賷 毓賲丕乇	2303	El Hadjar	丕賱丨噩丕乇	23	Annaba	毓賳丕亘丞
846	El Bouni	丕賱亘賵賳賷	2305	El Bouni	丕賱亘賵賳賷	23	Annaba	毓賳丕亘丞
841	Ain El Berda	毓賷賳 丕賱亘丕乇丿丞	2309	Ain El Berda	毓賷賳 丕賱亘丕乇丿丞	23	Annaba	毓賳丕亘丞
845	Cheurfa	丕賱卮乇賮丞	2309	Ain El Berda	毓賷賳 丕賱亘丕乇丿丞	23	Annaba	毓賳丕亘丞
847	El Eulma	丕賱毓賱賲丞	2309	Ain El Berda	毓賷賳 丕賱亘丕乇丿丞	23	Annaba	毓賳丕亘丞
844	Chetaibi	卮胤丕賷亘賷	2310	Chetaibi	卮胤丕賷亘賷	23	Annaba	毓賳丕亘丞
859	Bendjarah	亘賳 噩乇丕丨	2401	Guelma	賯丕賱賲丞	24	Guelma	賯丕賱賲丞
871	Guelma	賯丕賱賲丞	2401	Guelma	賯丕賱賲丞	24	Guelma	賯丕賱賲丞
856	Ain Regada	毓賷賳 乇賯丕丿丞	2404	Oued Zenati	賵丕丿賷 丕賱夭賳丕鬲賷	24	Guelma	賯丕賱賲丞
861	Bordj Sabath	亘乇噩 氐亘丕胤	2404	Oued Zenati	賵丕丿賷 丕賱夭賳丕鬲賷	24	Guelma	賯丕賱賲丞
882	Oued Zenati	賵丕丿賷 丕賱夭賳丕鬲賷	2404	Oued Zenati	賵丕丿賷 丕賱夭賳丕鬲賷	24	Guelma	賯丕賱賲丞
854	Ain Larbi	毓賷賳 丕賱毓乇亘賷	2413	Ain Makhlouf	毓賷賳 賲禺賱賵賮	24	Guelma	賯丕賱賲丞
855	Ain Makhlouf	毓賷賳 賲禺賱賵賮	2413	Ain Makhlouf	毓賷賳 賲禺賱賵賮	24	Guelma	賯丕賱賲丞
886	Tamlouka	鬲丕賲賱賵賰丞	2413	Ain Makhlouf	毓賷賳 賲禺賱賵賮	24	Guelma	賯丕賱賲丞
857	Ain Sandel	毓賷賳 氐賳丿賱	2415	Khezaras	禺夭丕乇丞	24	Guelma	賯丕賱賲丞
862	Bou Hachana	亘賵丨卮丕賳丞	2415	Khezaras	禺夭丕乇丞	24	Guelma	賯丕賱賲丞
876	Khezaras	賱禺夭丕乇丞	2415	Khezaras	禺夭丕乇丞	24	Guelma	賯丕賱賲丞
858	Belkheir	亘賱禺賷乇	2418	Guelaat Bousbaa	賯賱毓丞 亘賵氐亘毓	24	Guelma	賯丕賱賲丞
860	Beni Mezline	亘賳賷 賲夭賱賷賳	2418	Guelaat Bousbaa	賯賱毓丞 亘賵氐亘毓	24	Guelma	賯丕賱賲丞
866	Boumahra Ahmed	亘賵賲賴乇丞 兀丨賲丿	2418	Guelaat Bousbaa	賯賱毓丞 亘賵氐亘毓	24	Guelma	賯丕賱賲丞
868	Djeballah Khemissi	噩亘丕賱丞 丕賱禺賲賷爻賷	2418	Guelaat Bousbaa	賯賱毓丞 亘賵氐亘毓	24	Guelma	賯丕賱賲丞
870	Guelaat Bou Sbaa	賯賱毓丞 亘賵氐亘毓	2418	Guelaat Bousbaa	賯賱毓丞 亘賵氐亘毓	24	Guelma	賯丕賱賲丞
875	Nechmaya	賳卮賲丕賷丞	2418	Guelaat Bousbaa	賯賱毓丞 亘賵氐亘毓	24	Guelma	賯丕賱賲丞
863	Bou Hamdane	亘賵丨賲丿丕賳	2419	Hammam Debagh	丨賲丕賲 丿亘丕睾	24	Guelma	賯丕賱賲丞
872	Hammam Debagh	丨賲丕賲 丿亘丕睾	2419	Hammam Debagh	丨賲丕賲 丿亘丕睾	24	Guelma	賯丕賱賲丞
884	Roknia	丕賱乇賰賳賷丞	2419	Hammam Debagh	丨賲丕賲 丿亘丕睾	24	Guelma	賯丕賱賲丞
867	Dahouara	丕賱丿賴賵丕乇丞	2422	Hammam N'bails	丨賲丕賲 丕賱賳亘丕賷賱	24	Guelma	賯丕賱賲丞
873	Hammam N'bail	丨賲丕賲 丕賱賳亘丕賷賱	2422	Hammam N'bails	丨賲丕賲 丕賱賳亘丕賷賱	24	Guelma	賯丕賱賲丞
880	Oued Cheham	賵丕丿賷 丕賱卮丨賲	2422	Hammam N'bails	丨賲丕賲 丕賱賳亘丕賷賱	24	Guelma	賯丕賱賲丞
853	Ain Ben Beida	毓賷賳 亘賳 亘賷囟丕亍	2425	Bouchegouf	亘賵卮賯賵賮	24	Guelma	賯丕賱賲丞
865	Bouchegouf	亘賵卮賯賵賮	2425	Bouchegouf	亘賵卮賯賵賮	24	Guelma	賯丕賱賲丞
878	Medjez Sfa	賲噩丕夭 丕賱氐賮丕亍	2425	Bouchegouf	亘賵卮賯賵賮	24	Guelma	賯丕賱賲丞
881	Oued Ferragha	賵丕丿賷 賮乇丕睾丞	2425	Bouchegouf	亘賵卮賯賵賮	24	Guelma	賯丕賱賲丞
864	Bouati Mahmoud	亘賵毓丕鬲賷 賲丨賲賵丿	2426	Heliopolis	賴賷賱賷賵亘賵賱賷爻	24	Guelma	賯丕賱賲丞
869	El Fedjoudj	丕賱賮噩賵噩	2426	Heliopolis	賴賷賱賷賵亘賵賱賷爻	24	Guelma	賯丕賱賲丞
874	Heliopolis	賴賷賱賷賵亘賵賱賷爻	2426	Heliopolis	賴賷賱賷賵亘賵賱賷爻	24	Guelma	賯丕賱賲丞
877	Medjez Amar	賲噩丕夭 毓賲丕乇	2427	Ain Hessainia	毓賷賳 丨爻丕賷賳賷丞	24	Guelma	賯丕賱賲丞
879	Houari Boumedienne	賴賵丕乇賷 亘賵賲丿賷賳	2427	Ain Hessainia	毓賷賳 丨爻丕賷賳賷丞	24	Guelma	賯丕賱賲丞
883	Ras El Agba	乇兀爻 丕賱毓賯亘丞	2427	Ain Hessainia	毓賷賳 丨爻丕賷賳賷丞	24	Guelma	賯丕賱賲丞
885	Sellaoua Announa	爻賱丕賵丞 毓賳賵賳丞	2427	Ain Hessainia	毓賷賳 丨爻丕賷賳賷丞	24	Guelma	賯丕賱賲丞
891	Constantine	賯爻賳胤賷賳丞	2501	Constantine	賯爻賳胤賷賳丞	25	Constantine	賯爻賳胤賷賳丞
892	Didouche Mourad	丿賷丿賵卮 賲乇丕丿	2502	Hamma Bouziane	丨丕賲丞 亘賵夭賷丕賳	25	Constantine	賯爻賳胤賷賳丞
894	Hamma Bouziane	丨丕賲丞 亘賵夭賷丕賳	2502	Hamma Bouziane	丨丕賲丞 亘賵夭賷丕賳	25	Constantine	賯爻賳胤賷賳丞
890	Beni Hamidane	亘賳賷 丨賲賷丿丕賳	2504	Zighoud Youcef	夭賷睾賵丿 賷賵爻賮	25	Constantine	賯爻賳胤賷賳丞
898	Zighoud Youcef	夭賷睾賵丿 賷賵爻賮	2504	Zighoud Youcef	夭賷睾賵丿 賷賵爻賮	25	Constantine	賯爻賳胤賷賳丞
888	Ain Smara	毓賷賳 丕賱爻賲丕乇丞	2506	El Khroub	丕賱禺乇賵亘	25	Constantine	賯爻賳胤賷賳丞
893	El Khroub	丕賱禺乇賵亘	2506	El Khroub	丕賱禺乇賵亘	25	Constantine	賯爻賳胤賷賳丞
897	Ouled Rahmoun	兀賵賱丕丿 乇丨賲賵賳	2506	El Khroub	丕賱禺乇賵亘	25	Constantine	賯爻賳胤賷賳丞
887	Ain Abid	毓賷賳 毓亘賷丿	2507	Ain Abid	毓賷賳 毓亘賷丿	25	Constantine	賯爻賳胤賷賳丞
889	Ben Badis	兀亘賳 亘丕丿賷爻 丕賱賴乇賷丞	2507	Ain Abid	毓賷賳 毓亘賷丿	25	Constantine	賯爻賳胤賷賳丞
895	Ibn Ziad	丕亘賳 夭賷丕丿	2512	Ibn Ziad	丕亘賳 夭賷丕丿	25	Constantine	賯爻賳胤賷賳丞
896	Messaoud Boudjeriou	亘賵噩乇賷賵 賲爻毓賵丿	2512	Ibn Ziad	丕亘賳 夭賷丕丿	25	Constantine	賯爻賳胤賷賳丞
919	Draa Esmar	匕乇丕毓 丕賱爻賲丕乇	2601	Medea	丕賱賲丿賷丞	26	M茅d茅a	丕賱賲丿賷丞
931	Medea	丕賱賲丿賷丞	2601	Medea	丕賱賲丿賷丞	26	M茅d茅a	丕賱賲丿賷丞
959	Tamesguida	鬲賲爻賯賷丿丞	2601	Medea	丕賱賲丿賷丞	26	M茅d茅a	丕賱賲丿賷丞
904	Ben Chicao	亘賳 卮賰丕賵	2602	Ouzera	賵夭乇丞	26	M茅d茅a	丕賱賲丿賷丞
922	El Hamdania	丕賱丨賲丿丕賳賷丞	2602	Ouzera	賵夭乇丞	26	M茅d茅a	丕賱賲丿賷丞
945	Ouzera	賵夭乇丞	2602	Ouzera	賵夭乇丞	26	M茅d茅a	丕賱賲丿賷丞
960	Tizi Mahdi	鬲賷夭賷 賲賴丿賷	2602	Ouzera	賵夭乇丞	26	M茅d茅a	丕賱賲丿賷丞
899	Ain Boucif	毓賷賳 亘賵爻賷賮	2604	Ain Boucif	毓賷賳 亘賵爻賷賮	26	M茅d茅a	丕賱賲丿賷丞
925	El Ouinet	丕賱毓賵賷賳丕鬲	2604	Ain Boucif	毓賷賳 亘賵爻賷賮	26	M茅d茅a	丕賱賲丿賷丞
927	Kef Lakhdar	丕賱賰丕賮 丕賱丕禺囟乇	2604	Ain Boucif	毓賷賳 亘賵爻賷賮	26	M茅d茅a	丕賱賲丿賷丞
942	Ouled Emaaraf	兀賵賱丕丿 丕賲毓乇賮	2604	Ain Boucif	毓賷賳 亘賵爻賷賮	26	M茅d茅a	丕賱賲丿賷丞
951	Sidi Demed	爻賷丿賷 丿丕賲丿	2604	Ain Boucif	毓賷賳 亘賵爻賷賮	26	M茅d茅a	丕賱賲丿賷丞
903	Baata	亘毓胤丞	2607	El Omaria	丕賱毓賲丕乇賷丞	26	M茅d茅a	丕賱賲丿賷丞
924	El Omaria	丕賱毓賲丕乇賷丞	2607	El Omaria	丕賱毓賲丕乇賷丞	26	M茅d茅a	丕賱賲丿賷丞
940	Ouled Brahim	兀賵賱丕丿 廿亘乇丕賴賷賲	2607	El Omaria	丕賱毓賲丕乇賷丞	26	M茅d茅a	丕賱賲丿賷丞
907	Bir Ben Laabed	亘卅乇 亘賳 毓丕亘丿	2609	Guelb El Kebir	丕賱賯賱亘 丕賱賰亘賷乇	26	M茅d茅a	丕賱賲丿賷丞
921	El Guelbelkebir	丕賱賯賱亘 丕賱賰亘賷乇	2609	Guelb El Kebir	丕賱賯賱亘 丕賱賰亘賷乇	26	M茅d茅a	丕賱賲丿賷丞
948	Sedraya	爻丿乇丕賷丞	2609	Guelb El Kebir	丕賱賯賱亘 丕賱賰亘賷乇	26	M茅d茅a	丕賱賲丿賷丞
900	Ain Ouksir	毓賷賳 丕賯氐賷乇	2618	Chellalat El Adhaoura	卮賱丕賱丞 丕賱毓匕丕賵乇丞	26	M茅d茅a	丕賱賲丿賷丞
915	Chelalet El Adhaoura	卮賱丕賱丞 丕賱毓匕丕賵乇丞	2618	Chellalat El Adhaoura	卮賱丕賱丞 丕賱毓匕丕賵乇丞	26	M茅d茅a	丕賱賲丿賷丞
916	Cheniguel	卮賳賷賯賱	2618	Chellalat El Adhaoura	卮賱丕賱丞 丕賱毓匕丕賵乇丞	26	M茅d茅a	丕賱賲丿賷丞
958	Tafraout	鬲賮乇丕賵鬲	2618	Chellalat El Adhaoura	卮賱丕賱丞 丕賱毓匕丕賵乇丞	26	M茅d茅a	丕賱賲丿賷丞
911	Bouchrahil	亘賵卮乇丕丨賷賱	2626	Sidi Naamane	爻賷丿賷 賳毓賲丕賳	26	M茅d茅a	丕賱賲丿賷丞
928	Khams Djouamaa	禺賲爻 噩賵丕賲毓	2626	Sidi Naamane	爻賷丿賷 賳毓賲丕賳	26	M茅d茅a	丕賱賲丿賷丞
952	Sidi Naamane	爻賷丿賷 賳毓賲丕賳	2626	Sidi Naamane	爻賷丿賷 賳毓賲丕賳	26	M茅d茅a	丕賱賲丿賷丞
902	Aziz	毓夭賷夭	2632	Aziz	毓夭賷夭	26	M茅d茅a	丕賱賲丿賷丞
917	Derrag	丿乇丕賯	2632	Aziz	毓夭賷夭	26	M茅d茅a	丕賱賲丿賷丞
944	Oum El Djellil	兀賲 丕賱噩賱賷賱	2632	Aziz	毓夭賷夭	26	M茅d茅a	丕賱賲丿賷丞
918	Djouab	噩賵丕亘	2633	Souaghi	丕賱爻賵丕賯賷	26	M茅d茅a	丕賱賲丿賷丞
954	Sidi Zahar	爻賷丿賷 夭賴丕乇	2633	Souaghi	丕賱爻賵丕賯賷	26	M茅d茅a	丕賱賲丿賷丞
955	Sidi Ziane	爻賷丿賷 夭賷丕賳	2633	Souaghi	丕賱爻賵丕賯賷	26	M茅d茅a	丕賱賲丿賷丞
956	Souagui	丕賱爻賵丕賯賷	2633	Souaghi	丕賱爻賵丕賯賷	26	M茅d茅a	丕賱賲丿賷丞
929	Ksar El Boukhari	賯氐乇 丕賱亘禺丕乇賷	2635	Ksar El Boukhari	賯氐乇 丕賱亘禺丕乇賷	26	M茅d茅a	丕賱賲丿賷丞
934	M'fatha	賲賮丕鬲丨丞	2635	Ksar El Boukhari	賯氐乇 丕賱亘禺丕乇賷	26	M茅d茅a	丕賱賲丿賷丞
947	Saneg	丕賱爻丕賳賯	2635	Ksar El Boukhari	賯氐乇 丕賱亘禺丕乇賷	26	M茅d茅a	丕賱賲丿賷丞
920	El Azizia	丕賱毓夭賷夭賷丞	2636	El Azizia	丕賱毓夭賷夭賷丞	26	M茅d茅a	丕賱賲丿賷丞
930	Maghraoua	賲睾乇丕賵丞	2636	El Azizia	丕賱毓夭賷夭賷丞	26	M茅d茅a	丕賱賲丿賷丞
935	Mihoub	賲賷賴賵亘	2636	El Azizia	丕賱毓夭賷夭賷丞	26	M茅d茅a	丕賱賲丿賷丞
909	Bouaiche	亘賵毓賷卮	2638	Chahbounia	丕賱卮賴亘賵賳賷丞	26	M茅d茅a	丕賱賲丿賷丞
912	Boughzoul	亘賵睾夭賵賱	2638	Chahbounia	丕賱卮賴亘賵賳賷丞	26	M茅d茅a	丕賱賲丿賷丞
914	Chabounia	丕賱卮賴亘賵賳賷丞	2638	Chahbounia	丕賱卮賴亘賵賳賷丞	26	M茅d茅a	丕賱賲丿賷丞
926	Hannacha	丨賳丕卮丞	2643	Ouamri	毓賵丕賲乇賷	26	M茅d茅a	丕賱賲丿賷丞
936	Ouamri	毓賵丕賲乇賷	2643	Ouamri	毓賵丕賲乇賷	26	M茅d茅a	丕賱賲丿賷丞
937	Oued Harbil	賵丕丿賷 丨乇亘賷賱	2643	Ouamri	毓賵丕賲乇賷	26	M茅d茅a	丕賱賲丿賷丞
910	Bouaichoune	亘賵毓賷卮賵賳	2644	Si Mahdjoub	爻賷 丕賱賲丨噩賵亘	26	M茅d茅a	丕賱賲丿賷丞
938	Ouled Bouachra	兀賵賱丕丿 亘賵毓卮乇丞	2644	Si Mahdjoub	爻賷 丕賱賲丨噩賵亘	26	M茅d茅a	丕賱賲丿賷丞
950	Si Mahdjoub	爻賷 丕賱賲丨噩賵亘	2644	Si Mahdjoub	爻賷 丕賱賲丨噩賵亘	26	M茅d茅a	丕賱賲丿賷丞
905	Beni Slimane	亘賳賷 爻賱賷賲丕賳	2646	Beni Slimane	亘賳賷 爻賱賷賲丕賳	26	M茅d茅a	丕賱賲丿賷丞
913	Bouskene	亘賵爻賰賳	2646	Beni Slimane	亘賳賷 爻賱賷賲丕賳	26	M茅d茅a	丕賱賲丿賷丞
953	Sidi Rabie	爻賷丿賷 丕賱乇亘賷毓	2646	Beni Slimane	亘賳賷 爻賱賷賲丕賳	26	M茅d茅a	丕賱賲丿賷丞
906	Berrouaghia	丕賱亘乇賵丕賯賷丞	2647	Berrouaghia	丕賱亘乇賵丕賯賷丞	26	M茅d茅a	丕賱賲丿賷丞
941	Ouled Deid	兀賵賱丕丿 丿丕賷丿	2647	Berrouaghia	丕賱亘乇賵丕賯賷丞	26	M茅d茅a	丕賱賲丿賷丞
946	Rebaia	丕賱乇亘毓賷丞	2647	Berrouaghia	丕賱亘乇賵丕賯賷丞	26	M茅d茅a	丕賱賲丿賷丞
932	Medjebar	賲噩亘乇	2648	Seghouane	爻睾賵丕賳	26	M茅d茅a	丕賱賲丿賷丞
949	Seghouane	爻睾賵丕賳	2648	Seghouane	爻睾賵丕賳	26	M茅d茅a	丕賱賲丿賷丞
961	Tletat Ed Douair	孬賱丕孬 丿賵丕卅乇	2648	Seghouane	爻睾賵丕賳	26	M茅d茅a	丕賱賲丿賷丞
962	Zoubiria	丕賱夭亘賷乇賷丞	2648	Seghouane	爻睾賵丕賳	26	M茅d茅a	丕賱賲丿賷丞
901	Aissaouia	丕賱毓賷爻丕賵賷丞	2652	Tablat	鬲丕亘賱丕胤	26	M茅d茅a	丕賱賲丿賷丞
923	El Haoudane	丕賱丨賵囟丕賳	2652	Tablat	鬲丕亘賱丕胤	26	M茅d茅a	丕賱賲丿賷丞
933	Mezerana	賲夭睾賳丞	2652	Tablat	鬲丕亘賱丕胤	26	M茅d茅a	丕賱賲丿賷丞
957	Tablat	鬲丕亘賱丕胤	2652	Tablat	鬲丕亘賱丕胤	26	M茅d茅a	丕賱賲丿賷丞
908	Boghar	亘賵睾丕乇	2658	Ouled Antar	兀賵賱丕丿 毓賳鬲乇	26	M茅d茅a	丕賱賲丿賷丞
938	Ouled Antar	兀賵賱丕丿 毓賳鬲乇	2658	Ouled Antar	兀賵賱丕丿 毓賳鬲乇	26	M茅d茅a	丕賱賲丿賷丞
943	Ouled Hellal	兀賵賱丕丿 賴賱丕賱	2658	Ouled Antar	兀賵賱丕丿 毓賳鬲乇	26	M茅d茅a	丕賱賲丿賷丞
979	Mostaganem	賲爻鬲睾丕賳賲	2701	Mostaganem	賲爻鬲睾丕賳賲	27	Mostaganem	賲爻鬲睾丕賳賲
965	Ain-Nouissy	毓賷賳 賳賵賷爻賷	2705	Ain Nouicy	毓賷賳 賳賵賷爻賷	27	Mostaganem	賲爻鬲睾丕賳賲
970	Fornaka	賮乇賳丕賯丞	2705	Ain Nouicy	毓賷賳 賳賵賷爻賷	27	Mostaganem	賲爻鬲睾丕賳賲
973	Hassiane	丕賱丨爻賷丕賳 (亘賳賷 賷丕丨賷	2705	Ain Nouicy	毓賷賳 賳賵賷爻賷	27	Mostaganem	賲爻鬲睾丕賳賲
972	Hassi Mameche	丨丕爻賷 賲丕賲丕卮	2706	Hassi Mameche	丨丕爻賷 賲丕賲丕卮	27	Mostaganem	賲爻鬲睾丕賳賲
977	Mazagran	賲夭睾乇丕賳	2706	Hassi Mameche	丨丕爻賷 賲丕賲丕卮	27	Mostaganem	賲爻鬲睾丕賳賲
992	Stidia	爻鬲賷丿賷丞	2706	Hassi Mameche	丨丕爻賷 賲丕賲丕卮	27	Mostaganem	賲爻鬲睾丕賳賲
967	Ain-Tedles	毓賷賳 鬲丕丿賱爻	2707	Ain Tedeles	毓賷賳 鬲丕丿賱爻	27	Mostaganem	賲爻鬲睾丕賳賲
981	Oued El Kheir	賵丕丿賷 丕賱禺賷乇	2707	Ain Tedeles	毓賷賳 鬲丕丿賱爻	27	Mostaganem	賲爻鬲睾丕賳賲
987	Sidi Belaattar	爻賷丿賷 亘賱毓胤丕乇	2707	Ain Tedeles	毓賷賳 鬲丕丿賱爻	27	Mostaganem	賲爻鬲睾丕賳賲
991	Sour	爻賵乇	2707	Ain Tedeles	毓賷賳 鬲丕丿賱爻	27	Mostaganem	賲爻鬲睾丕賳賲
964	Ain-Boudinar	毓賷賳 亘賵丿賷賳丕乇	2711	Kheir Eddine	禺賷乇 丕賱丿賷賳	27	Mostaganem	賲爻鬲睾丕賳賲
975	Kheir-Eddine	禺賷乇 丕賱丿賷賳	2711	Kheir Eddine	禺賷乇 丕賱丿賷賳	27	Mostaganem	賲爻鬲睾丕賳賲
985	Sayada	氐賷丕丿丞	2711	Kheir Eddine	禺賷乇 丕賱丿賷賳	27	Mostaganem	賲爻鬲睾丕賳賲
983	Ouled-Maalah	兀賵賱丕丿 賲毓 丕賱賱賴	2712	Sidi Ali	爻賷丿賷 毓賱賷	27	Mostaganem	賲爻鬲睾丕賳賲
986	Sidi Ali	爻賷丿賷 毓賱賷	2712	Sidi Ali	爻賷丿賷 毓賱賷	27	Mostaganem	賲爻鬲睾丕賳賲
993	Tazgait	鬲夭賯丕賷鬲	2712	Sidi Ali	爻賷丿賷 毓賱賷	27	Mostaganem	賲爻鬲睾丕賳賲
968	Benabdelmalek Ramdane	亘賳 毓亘丿 丕賱賲丕賱賰 乇賲囟丕賳	2716	Sidi Lakhdar	爻賷丿賷 賱禺囟乇	27	Mostaganem	賲爻鬲睾丕賳賲
971	Hadjadj	丨噩丕噩	2716	Sidi Lakhdar	爻賷丿賷 賱禺囟乇	27	Mostaganem	賲爻鬲睾丕賳賲
988	Sidi-Lakhdar	爻賷丿賷 賱禺囟乇	2716	Sidi Lakhdar	爻賷丿賷 賱禺囟乇	27	Mostaganem	賲爻鬲睾丕賳賲
963	Achaacha	毓卮毓丕卮丞	2717	Achaacha	毓卮毓丕卮丞	27	Mostaganem	賲爻鬲睾丕賳賲
974	Khadra	禺囟乇丞	2717	Achaacha	毓卮毓丕卮丞	27	Mostaganem	賲爻鬲睾丕賳賲
980	Nekmaria	賳賰賲丕乇賷丞	2717	Achaacha	毓卮毓丕卮丞	27	Mostaganem	賲爻鬲睾丕賳賲
982	Ouled Boughalem	兀賵賱丕丿 亘賵睾丕賱賲	2717	Achaacha	毓卮毓丕卮丞	27	Mostaganem	賲爻鬲睾丕賳賲
969	Bouguirat	亘賵賯賷乇丕胤	2719	Bouguirat	亘賵賯賷乇丕胤	27	Mostaganem	賲爻鬲睾丕賳賲
984	Safsaf	氐賮氐丕賮	2719	Bouguirat	亘賵賯賷乇丕胤	27	Mostaganem	賲爻鬲睾丕賳賲
989	Sirat	爻賷乇丕鬲	2719	Bouguirat	亘賵賯賷乇丕胤	27	Mostaganem	賲爻鬲睾丕賳賲
990	Souaflia	丕賱爻賵丕賮賱賷丞	2719	Bouguirat	亘賵賯賷乇丕胤	27	Mostaganem	賲爻鬲睾丕賳賲
966	Ain-Sidi Cherif	毓賷賳 爻賷丿賷 丕賱卮乇賷賮	2722	Mesra	賲丕爻乇丞	27	Mostaganem	賲爻鬲睾丕賳賲
976	Mansourah	賲賳氐賵乇丞	2722	Mesra	賲丕爻乇丞	27	Mostaganem	賲爻鬲睾丕賳賲
978	Mesra	賲丕爻乇丞	2722	Mesra	賲丕爻乇丞	27	Mostaganem	賲爻鬲睾丕賳賲
994	Touahria	丕賱胤賵丕賴乇賷丞	2722	Mesra	賲丕爻乇丞	27	Mostaganem	賲爻鬲睾丕賳賲
1023	M'sila	丕賱賲爻賷賱丞	2801	M'sila	丕賱賲爻賷賱丞	28	M'Sila	丕賱賲爻賷賱丞
1013	Hammam Dalaa	丨賲丕賲 丕賱囟賱毓丞	2803	Hammam Dalaa	丨賲丕賲 丕賱囟賱毓丞	28	M'Sila	丕賱賲爻賷賱丞
1025	Ouanougha	賵賳賵睾丞	2803	Hammam Dalaa	丨賲丕賲 丕賱囟賱毓丞	28	M'Sila	丕賱賲爻賷賱丞
1029	Ouled Mansour	兀賵賱丕丿 賲賳氐賵乇	2803	Hammam Dalaa	丨賲丕賲 丕賱囟賱毓丞	28	M'Sila	丕賱賲爻賷賱丞
1040	Tarmount	鬲丕乇賲賵賳鬲	2803	Hammam Dalaa	丨賲丕賲 丕賱囟賱毓丞	28	M'Sila	丕賱賲爻賷賱丞
1016	Maadid	丕賱賲毓丕囟賷丿	2804	Ouled Derradj	兀賵賱丕丿 丿乇丕噩	28	M'Sila	丕賱賲爻賷賱丞
1024	M'tarfa	丕賱賲胤丕乇賮丞	2804	Ouled Derradj	兀賵賱丕丿 丿乇丕噩	28	M'Sila	丕賱賲爻賷賱丞
1026	Ouled Addi Guebala	兀賵賱丕丿 毓丿賷 賱賯亘丕賱丞	2804	Ouled Derradj	兀賵賱丕丿 丿乇丕噩	28	M'Sila	丕賱賲爻賷賱丞
1027	Ouled Derradj	兀賵賱丕丿 丿乇丕噩	2804	Ouled Derradj	兀賵賱丕丿 丿乇丕噩	28	M'Sila	丕賱賲爻賷賱丞
1038	Souamaa	丕賱爻賵丕賲毓	2804	Ouled Derradj	兀賵賱丕丿 丿乇丕噩	28	M'Sila	丕賱賲爻賷賱丞
1012	El Houamed	丕賱丨賵丕賲丿	2807	Khoubana	禺亘丕賳丞	28	M'Sila	丕賱賲爻賷賱丞
1015	Khoubana	禺亘丕賳丞	2807	Khoubana	禺亘丕賳丞	28	M'Sila	丕賱賲爻賷賱丞
1019	M'cif	賲爻賷賮	2807	Khoubana	禺亘丕賳丞	28	M'Sila	丕賱賲爻賷賱丞
1008	Chellal	卮賱丕賱	2809	Chellal	卮賱丕賱	28	M'Sila	丕賱賲爻賷賱丞
1014	Khettouti Sed-El-Jir	禺胤賵胤賷 爻丿 丕賱噩賷乇	2809	Chellal	卮賱丕賱	28	M'Sila	丕賱賲爻賷賱丞
1017	Maarif	賲毓丕乇賷賮	2809	Chellal	卮賱丕賱	28	M'Sila	丕賱賲爻賷賱丞
1028	Ouled Madhi	兀賵賱丕丿 賲丕囟賷	2809	Chellal	卮賱丕賱	28	M'Sila	丕賱賲爻賷賱丞
998	Ain Khadra	毓賷賳 丕賱禺囟乇丕亍	2811	Magra	賲賯乇丞	28	M'Sila	丕賱賲爻賷賱丞
1000	Belaiba	亘賱毓丕賷亘丞	2811	Magra	賲賯乇丞	28	M'Sila	丕賱賲爻賷賱丞
1004	Berhoum	亘乇賴賵賲	2811	Magra	賲賯乇丞	28	M'Sila	丕賱賲爻賷賱丞
1009	Dehahna	丿賴丕賴賳丞	2811	Magra	賲賯乇丞	28	M'Sila	丕賱賲爻賷賱丞
1018	Magra	賲賯乇丞	2811	Magra	賲賯乇丞	28	M'Sila	丕賱賲爻賷賱丞
1002	Beni Ilmane	亘賳賷 賷賱賲丕賳	2816	Sidi Aissa	爻賷丿賷 毓賷爻賶	28	M'Sila	丕賱賲爻賷賱丞
1007	Bouti Sayeh	亘賵胤賷 丕賱爻丕賷丨	2816	Sidi Aissa	爻賷丿賷 毓賷爻賶	28	M'Sila	丕賱賲爻賷賱丞
1033	Sidi Aissa	爻賷丿賷 毓賷爻賶	2816	Sidi Aissa	爻賷丿賷 毓賷爻賶	28	M'Sila	丕賱賲爻賷賱丞
995	Ain El Hadjel	毓賷賳 丕賱丨噩賱	2817	Ain El Hadjel	毓賷賳 丕賱丨噩賱	28	M'Sila	丕賱賲爻賷賱丞
1035	Sidi Hadjeres	爻賷丿賷 賴噩乇爻	2817	Ain El Hadjel	毓賷賳 丕賱丨噩賱	28	M'Sila	丕賱賲爻賷賱丞
1006	Bou Saada	亘賵爻毓丕丿丞	2820	Bousaada	亘賵爻毓丕丿丞	28	M'Sila	丕賱賲爻賷賱丞
1011	El Hamel	丕賱賴丕賲賱	2820	Bousaada	亘賵爻毓丕丿丞	28	M'Sila	丕賱賲爻賷賱丞
1032	Oulteme	賵賱鬲丕賲	2820	Bousaada	亘賵爻毓丕丿丞	28	M'Sila	丕賱賲爻賷賱丞
1003	Benzouh	亘賳 夭賵賴	2821	Ouled Sidi Brahim	兀賵賱丕丿 爻賷丿賷 丕亘乇丕賴賷賲	28	M'Sila	丕賱賲爻賷賱丞
1030	Ouled Sidi Brahim	兀賵賱丕丿 爻賷丿賷 丕亘乇丕賴賷賲	2821	Ouled Sidi Brahim	兀賵賱丕丿 爻賷丿賷 丕亘乇丕賴賷賲	28	M'Sila	丕賱賲爻賷賱丞
1034	Sidi Ameur	爻賷丿賷 毓丕賲乇	2822	Sidi Ameur	爻賷丿賷 毓丕賲乇	28	M'Sila	丕賱賲爻賷賱丞
1039	Tamsa	鬲丕賲爻丞	2822	Sidi Ameur	爻賷丿賷 毓丕賲乇	28	M'Sila	丕賱賲爻賷賱丞
1001	Ben Srour	亘賳 爻乇賵乇	2824	Ben Srour	亘賳 爻乇賵乇	28	M'Sila	丕賱賲爻賷賱丞
1022	Mohamed Boudiaf	賲丨賲丿 亘賵囟賷丕賮	2824	Ben Srour	亘賳 爻乇賵乇	28	M'Sila	丕賱賲爻賷賱丞
1031	Ouled Slimane	兀賵賱丕丿 爻賱賷賲丕賳	2824	Ben Srour	亘賳 爻乇賵乇	28	M'Sila	丕賱賲爻賷賱丞
1041	Zarzour	夭乇夭賵乇	2824	Ben Srour	亘賳 爻乇賵乇	28	M'Sila	丕賱賲爻賷賱丞
996	Ain El Melh	毓賷賳 丕賱賲賱丨	2841	Ain El Melh	毓賷賳 丕賱賲賱丨	28	M'Sila	丕賱賲爻賷賱丞
997	Ain Fares	毓賷賳 賮丕乇爻	2841	Ain El Melh	毓賷賳 丕賱賲賱丨	28	M'Sila	丕賱賲爻賷賱丞
999	Ain Rich	毓賷賳 丕賱乇賷卮	2841	Ain El Melh	毓賷賳 丕賱賲賱丨	28	M'Sila	丕賱賲爻賷賱丞
1005	Bir Foda	亘卅乇 賮囟丞	2841	Ain El Melh	毓賷賳 丕賱賲賱丨	28	M'Sila	丕賱賲爻賷賱丞
1036	Sidi M'hamed	爻賷丿賷 丕賲丨賲丿	2841	Ain El Melh	毓賷賳 丕賱賲賱丨	28	M'Sila	丕賱賲爻賷賱丞
1020	Medjedel	丕賲噩丿賱	2842	Medjedel	丕賲噩丿賱	28	M'Sila	丕賱賲爻賷賱丞
1021	Menaa	賲賳丕毓丞	2842	Medjedel	丕賲噩丿賱	28	M'Sila	丕賱賲爻賷賱丞
1010	Djebel Messaad	噩亘賱 賲爻丕毓丿	2847	Djebel Messaad	噩亘賱 賲爻丕毓丿	28	M'Sila	丕賱賲爻賷賱丞
1037	Slim	爻賱賷賲	2847	Djebel Messaad	噩亘賱 賲爻丕毓丿	28	M'Sila	丕賱賲爻賷賱丞
1069	Mascara	賲毓爻賰乇	2901	Mascara	賲毓爻賰乇	29	Mascara	賲毓爻賰乇
1050	Bouhanifia	亘賵丨賳賷賮賷丞	2902	Bouhanifia	亘賵丨賳賷賮賷丞	29	Mascara	賲毓爻賰乇
1055	El Gueitena	丕賱賯胤賳丞	2902	Bouhanifia	亘賵丨賳賷賮賷丞	29	Mascara	賲毓爻賰乇
1065	Hacine	丨爻賷賳	2902	Bouhanifia	亘賵丨賳賷賮賷丞	29	Mascara	賲毓爻賰乇
1057	El Keurt	丕賱賯乇胤	2903	Tizi	鬲賷夭賷	29	Mascara	賲毓爻賰乇
1061	Froha	賮乇賵丨丞	2903	Tizi	鬲賷夭賷	29	Mascara	賲毓爻賰乇
1086	Tizi	鬲賷夭賷	2903	Tizi	鬲賷夭賷	29	Mascara	賲毓爻賰乇
1079	Sehailia	丕賱爻賴丕賷賱賷丞	2906	Tighennif	鬲賷睾賳賷賮	29	Mascara	賲毓爻賰乇
1083	Sidi Kada	爻賷丿賷 賯丕丿丞	2906	Tighennif	鬲賷睾賳賷賮	29	Mascara	賲毓爻賰乇
1085	Tighennif	鬲賷睾賳賷賮	2906	Tighennif	鬲賷睾賳賷賮	29	Mascara	賲毓爻賰乇
1056	El Hachem	丕賱丨卮賲	2907	Hachem	丕賱丨卮賲	29	Mascara	賲毓爻賰乇
1073	Nesmot	賳爻賲胤	2907	Hachem	丕賱丨卮賲	29	Mascara	賲毓爻賰乇
1088	Zelamta	夭賱丕賲胤丞	2907	Hachem	丕賱丨卮賲	29	Mascara	賲毓爻賰乇
1044	Ain Ferah	毓賷賳 賮乇丕丨	2910	Oued El Abtal	賵丕丿賷 丕賱兀亘胤丕賱	29	Mascara	賲毓爻賰乇
1075	Oued El Abtal	賵丕丿賷 丕賱兀亘胤丕賱	2910	Oued El Abtal	賵丕丿賷 丕賱兀亘胤丕賱	29	Mascara	賲毓爻賰乇
1080	Sidi Abdeldjebar	爻賷丿賷 毓亘丿 丕賱噩亘丕乇	2910	Oued El Abtal	賵丕丿賷 丕賱兀亘胤丕賱	29	Mascara	賲毓爻賰乇
1063	Ghriss	睾乇賷爻	2912	Ghriss	睾乇賷爻	29	Mascara	賲毓爻賰乇
1067	Makhda	賲丕賯囟丞	2912	Ghriss	睾乇賷爻	29	Mascara	賲毓爻賰乇
1068	Maoussa	賲丕賵爻丞	2912	Ghriss	睾乇賷爻	29	Mascara	賲毓爻賰乇
1070	Matemore	丕賱賲胤賲賵乇	2912	Ghriss	睾乇賷爻	29	Mascara	賲毓爻賰乇
1082	Sidi Boussaid	爻賷丿賷 亘賵爻毓賷丿	2912	Ghriss	睾乇賷爻	29	Mascara	賲毓爻賰乇
1052	El Bordj	丕賱亘乇噩	2917	El Bordj	丕賱亘乇噩	29	Mascara	賲毓爻賰乇
1059	El Menaouer	丕賱賲賳賵乇	2917	El Bordj	丕賱亘乇噩	29	Mascara	賲毓爻賰乇
1066	Khalouia	禺賱賵賷丞	2917	El Bordj	丕賱亘乇噩	29	Mascara	賲毓爻賰乇
1043	Ain Fekan	毓賷賳 賮賰丕賳	2918	Ain Fekan	毓賷賳 賮賰丕賳	29	Mascara	賲毓爻賰乇
1045	Ain Frass	毓賷賳 兀賮乇氐	2918	Ain Fekan	毓賷賳 賮賰丕賳	29	Mascara	賲毓爻賰乇
1064	Guerdjoum	賯乇噩賵賲	2922	Oued Taria	賵丕丿賷 丕賱鬲丕睾賷丞	29	Mascara	賲毓爻賰乇
1076	Oued Taria	賵丕丿賷 丕賱鬲丕睾賷丞	2922	Oued Taria	賵丕丿賷 丕賱鬲丕睾賷丞	29	Mascara	賲毓爻賰乇
1047	Aouf	毓賵賮	2923	Aouf	毓賵賮	29	Mascara	賲毓爻賰乇
1048	Benian	亘賳賷丕賳	2923	Aouf	毓賵賮	29	Mascara	賲毓爻賰乇
1062	Gharrous	睾乇賵爻	2923	Aouf	毓賵賮	29	Mascara	賲毓爻賰乇
1042	Ain Fares	毓賷賳 賮丕乇爻	2924	Ain Fares	毓賷賳 賮丕乇爻	29	Mascara	賲毓爻賰乇
1058	El Mamounia	丕賱賲兀賲賵賳賷丞	2924	Ain Fares	毓賷賳 賮丕乇爻	29	Mascara	賲毓爻賰乇
1049	Bou Henni	亘賵賴賳賷	2926	Sig	爻賷賯	29	Mascara	賲毓爻賰乇
1051	Chorfa	丕賱卮乇賮丕亍	2926	Sig	爻賷賯	29	Mascara	賲毓爻賰乇
1084	Sig	爻賷賯	2926	Sig	爻賷賯	29	Mascara	賲毓爻賰乇
1046	Alaimia	丕賱毓賱丕賷賲賷丞	2927	Oggaz	毓賯丕夭	29	Mascara	賲毓爻賰乇
1074	Oggaz	毓賯丕夭	2927	Oggaz	毓賯丕夭	29	Mascara	賲毓爻賰乇
1077	Ras El Ain Amirouche	乇兀爻 毓賷賳 毓賲賷乇賵卮	2927	Oggaz	毓賯丕夭	29	Mascara	賲毓爻賰乇
1053	El Gaada	丕賱賯毓丿丞	2930	Zahana	夭賴丕賳丞	29	Mascara	賲毓爻賰乇
1087	Zahana	夭賴丕賳丞	2930	Zahana	夭賴丕賳丞	29	Mascara	賲毓爻賰乇
1054	El Ghomri	丕賱睾賲乇賷	2931	Mohammadia	丕賱賲丨賲丿賷丞	29	Mascara	賲毓爻賰乇
1060	Ferraguig	賮乇丕賯賷賯	2931	Mohammadia	丕賱賲丨賲丿賷丞	29	Mascara	賲毓爻賰乇
1071	Mocta-Douz	賲賯胤毓 丕賱丿賵夭	2931	Mohammadia	丕賱賲丨賲丿賷丞	29	Mascara	賲毓爻賰乇
1072	Mohammadia	丕賱賲丨賲丿賷丞	2931	Mohammadia	丕賱賲丨賲丿賷丞	29	Mascara	賲毓爻賰乇
1078	Sedjerara	爻噩乇丕乇丞	2931	Mohammadia	丕賱賲丨賲丿賷丞	29	Mascara	賲毓爻賰乇
1081	Sidi Abdelmoumene	爻賷丿賷 毓亘丿 丕賱賲賵賲賳	2931	Mohammadia	丕賱賲丨賲丿賷丞	29	Mascara	賲毓爻賰乇
1101	Ouargla	賵乇賯賱丞	3001	Ouargla	賵乇賯賱丞	30	Ouargla	賵乇賯賱丞
1102	Rouissat	丕賱乇賵賷爻丕鬲	3001	Ouargla	賵乇賯賱丞	30	Ouargla	賵乇賯賱丞
1100	N'goussa	丕賳賯賵爻丞	3003	N'goussa	丕賳賯賵爻丞	30	Ouargla	賵乇賯賱丞
1096	Hassi Messaoud	丨丕爻賷 賲爻毓賵丿	3004	Hassi Messaoud	丨丕爻賷 賲爻毓賵丿	30	Ouargla	賵乇賯賱丞
1089	Ain Beida	毓賷賳 丕賱亘賷囟丕亍	3011	Sidi Khouiled	爻賷丿賷 禺賵賷賱丿	30	Ouargla	賵乇賯賱丞
1095	Hassi Ben Abdellah	丨丕爻賷 亘賳 毓亘丿 丕賱賱賴	3011	Sidi Khouiled	爻賷丿賷 禺賵賷賱丿	30	Ouargla	賵乇賯賱丞
1103	Sidi Khouiled	爻賷丿賷 禺賵賷賱丿	3011	Sidi Khouiled	爻賷丿賷 禺賵賷賱丿	30	Ouargla	賵乇賯賱丞
1093	El Borma	丕賱亘乇賲丞	3021	El Borma	丕賱亘乇賲丞	30	Ouargla	賵乇賯賱丞
1131	Oran	賵賴乇丕賳	3101	Oran	賵賴乇丕賳	31	Oran	賵賴乇丕賳
1114	Ben Freha	亘賳 賮乇賷丨丞	3102	Gdyel	賯丿賷賱	31	Oran	賵賴乇丕賳
1124	Gdyel	賯丿賷賱	3102	Gdyel	賯丿賷賱	31	Oran	賵賴乇丕賳
1127	Hassi Mefsoukh	丨丕爻賷 賲賮爻賵禺	3102	Gdyel	賯丿賷賱	31	Oran	賵賴乇丕賳
1116	Bir El Djir	亘卅乇 丕賱噩賷乇	3103	Bir El Djir	亘卅乇 丕賱噩賷乇	31	Oran	賵賴乇丕賳
1125	Hassi Ben Okba	丨丕爻賷 亘賳 毓賯亘丞	3103	Bir El Djir	亘卅乇 丕賱噩賷乇	31	Oran	賵賴乇丕賳
1126	Hassi Bounif	丨丕爻賷 亘賵賳賷賮	3103	Bir El Djir	亘卅乇 丕賱噩賷乇	31	Oran	賵賴乇丕賳
1122	El Kerma	丕賱賰乇賲丞	3105	Es Senia	丕賱爻丕賳賷丞	31	Oran	賵賴乇丕賳
1123	Es Senia	丕賱爻丕賳賷丞	3105	Es Senia	丕賱爻丕賳賷丞	31	Oran	賵賴乇丕賳
1134	Sidi Chami	爻賷丿賷 丕賱卮丨賲賷	3105	Es Senia	丕賱爻丕賳賷丞	31	Oran	賵賴乇丕賳
1113	Arzew	兀乇夭賷賵	3106	Arzew	兀乇夭賷賵	31	Oran	賵賴乇丕賳
1133	Sidi Ben Yebka	爻賷丿賷 亘賳 賷亘賯賶	3106	Arzew	兀乇夭賷賵	31	Oran	賵賴乇丕賳
1110	Ain Biya	毓賷賳 丕賱亘賷丞	3107	Bethioua	亘胤賷賵丞	31	Oran	賵賴乇丕賳
1115	Bethioua	亘胤賷賵丞	3107	Bethioua	亘胤賷賵丞	31	Oran	賵賴乇丕賳
1128	Marsat El Hadjadj	賲乇爻賶 丕賱丨噩丕噩	3107	Bethioua	亘胤賷賵丞	31	Oran	賵賴乇丕賳
1112	Ain Turk	毓賷賳 丕賱鬲乇賰	3109	Ain Turk	毓賷賳 丕賱鬲乇賰	31	Oran	賵賴乇丕賳
1118	Bousfer	亘賵爻賮乇	3109	Ain Turk	毓賷賳 丕賱鬲乇賰	31	Oran	賵賴乇丕賳
1120	El Ancor	丕賱毓賳氐乇	3109	Ain Turk	毓賷賳 丕賱鬲乇賰	31	Oran	賵賴乇丕賳
1129	Mers El Kebir	丕賱賲乇爻賶 丕賱賰亘賷乇	3109	Ain Turk	毓賷賳 丕賱鬲乇賰	31	Oran	賵賴乇丕賳
1117	Boufatis	亘賵賮丕鬲賷爻	3111	Oued Tlelat	賵丕丿賷 鬲賱賷賱丕鬲	31	Oran	賵賴乇丕賳
1121	El Braya	丕賱亘乇丕賷丞	3111	Oued Tlelat	賵丕丿賷 鬲賱賷賱丕鬲	31	Oran	賵賴乇丕賳
1132	Oued Tlelat	賵丕丿賷 鬲賱賷賱丕鬲	3111	Oued Tlelat	賵丕丿賷 鬲賱賷賱丕鬲	31	Oran	賵賴乇丕賳
1135	Tafraoui	胤賮乇丕賵賷	3111	Oued Tlelat	賵丕丿賷 鬲賱賷賱丕鬲	31	Oran	賵賴乇丕賳
1111	Ain Kerma	毓賷賳 丕賱賰乇賲丞	3124	Boutlelis	亘賵鬲賱賷賱賷爻	31	Oran	賵賴乇丕賳
1119	Boutlelis	亘賵鬲賱賷賱賷爻	3124	Boutlelis	亘賵鬲賱賷賱賷爻	31	Oran	賵賴乇丕賳
1130	Messerghin	賲爻乇睾賷賳	3124	Boutlelis	亘賵鬲賱賷賱賷爻	31	Oran	賵賴乇丕賳
1144	El Bayadh	丕賱亘賷囟	3201	El Bayadh	丕賱亘賷囟	32	El Bayadh	丕賱亘賷囟
1152	Rogassa	乇賯丕氐丞	3202	Rogassa	乇賯丕氐丞	32	El Bayadh	丕賱亘賷囟
1142	Cheguig	丕賱卮賯賷賯	3202	Rogassa	乇賯丕氐丞	32	El Bayadh	丕賱亘賷囟
1150	Kef El Ahmar	丕賱賰丕賮 丕賱兀丨賲乇	3202	Rogassa	乇賯丕氐丞	32	El Bayadh	丕賱亘賷囟
1141	Brezina	亘乇賷夭賷賳丞	3203	Brezina	亘乇賷夭賷賳丞	32	El Bayadh	丕賱亘賷囟
1151	Krakda	賰乇丕賰丿丞	3203	Brezina	亘乇賷夭賷賳丞	32	El Bayadh	丕賱亘賷囟
1149	Ghassoul	丕賱睾丕爻賵賱	3203	Brezina	亘乇賷夭賷賳丞	32	El Bayadh	丕賱亘賷囟
1145	Labiodh Sidi Cheikh	丕賱兀亘賷囟 爻賷丿賷 丕賱卮賷禺	3205	Labiodh Sidi Cheikh	丕賱兀亘賷囟 爻賷丿賷 丕賱卮賷禺	32	El Bayadh	丕賱亘賷囟
1136	Ain El Orak	毓賷賳 丕賱毓乇丕賰	3205	Labiodh Sidi Cheikh	丕賱兀亘賷囟 爻賷丿賷 丕賱卮賷禺	32	El Bayadh	丕賱亘賷囟
1137	Arbaouat	丕乇亘賵丕鬲	3205	Labiodh Sidi Cheikh	丕賱兀亘賷囟 爻賷丿賷 丕賱卮賷禺	32	El Bayadh	丕賱亘賷囟
1146	El Bnoud	丕賱亘賳賵丿	3205	Labiodh Sidi Cheikh	丕賱兀亘賷囟 爻賷丿賷 丕賱卮賷禺	32	El Bayadh	丕賱亘賷囟
1139	Bougtoub	亘賵賯胤亘	3206	Bougtoub	亘賵賯胤亘	32	El Bayadh	丕賱亘賷囟
1147	El Kheiter	丕賱禺賷孬乇	3206	Bougtoub	亘賵賯胤亘	32	El Bayadh	丕賱亘賷囟
1157	Tousmouline	鬲賵爻賲賵賱賷賳	3206	Bougtoub	亘賵賯胤亘	32	El Bayadh	丕賱亘賷囟
1143	Chellala	卮賱丕賱丞	3208	Chellala	卮賱丕賱丞	32	El Bayadh	丕賱亘賷囟
1148	El Mehara	丕賱賲丨乇丞	3208	Chellala	卮賱丕賱丞	32	El Bayadh	丕賱亘賷囟
1140	Boussemghoun	亘賵爻賲睾賵賳	3207	Boussemghoun	亘賵爻賲睾賵賳	32	El Bayadh	丕賱亘賷囟
1138	Boualem	亘賵毓賱丕賲	3204	Boualem	亘賵毓賱丕賲	32	El Bayadh	丕賱亘賷囟
1153	Sidi Ameur	爻賷丿賷 毓丕賲乇	3204	Boualem	亘賵毓賱丕賲	32	El Bayadh	丕賱亘賷囟
1154	Sidi Slimane	爻賷丿賷 爻賱賷賲丕賳	3204	Boualem	亘賵毓賱丕賲	32	El Bayadh	丕賱亘賷囟
1155	Sidi Tiffour	爻賷丿賷 胤賷賮賵乇	3204	Boualem	亘賵毓賱丕賲	32	El Bayadh	丕賱亘賷囟
1156	Stitten	爻鬲賷鬲賳	3204	Boualem	亘賵毓賱丕賲	32	El Bayadh	丕賱亘賷囟
1162	Illizi	廿賷賱賷夭賷	3301	Illizi	廿賷賱賷夭賷	33	Illizi	廿賱賷夭賷
1159	Bordj Omar Driss	亘乇噩 毓賲乇 廿丿乇賷爻	3306	In Amenas	廿賳 兀賲賳丕爻	33	Illizi	廿賱賷夭賷
1160	Debdeb	丿亘丿丕亘	3306	In Amenas	廿賳 兀賲賳丕爻	33	Illizi	廿賱賷夭賷
1163	In Amenas	廿賳 兀賲賳丕爻	3306	In Amenas	廿賳 兀賲賳丕爻	33	Illizi	廿賱賷夭賷
1166	B. B. Arreridj	亘乇噩 亘賵毓乇賷乇噩	3401	Bordj Bou Arreridj	亘乇噩 亘賵毓乇賷乇賷噩	34	Bordj Bou Arreridj	亘乇噩 亘賵毓乇賷乇賷噩
1165	Ain Tesra	毓賷賳 鬲爻乇丞	3402	Ras El Oued	乇兀爻 丕賱賵丕丿賷	34	Bordj Bou Arreridj	亘乇噩 亘賵毓乇賷乇賷噩
1187	Ouled Brahem	兀賵賱丕丿 兀亘乇丕賴賲	3402	Ras El Oued	乇兀爻 丕賱賵丕丿賷	34	Bordj Bou Arreridj	亘乇噩 亘賵毓乇賷乇賷噩
1191	Ras El Oued	乇兀爻 丕賱賵丕丿賷	3402	Ras El Oued	乇兀爻 丕賱賵丕丿賷	34	Bordj Bou Arreridj	亘乇噩 亘賵毓乇賷乇賷噩
1171	Bordj Zemmoura	亘乇噩 夭賲賵乇丞	3403	Bordj Zemmoura	亘乇噩 夭賲賵乇丞	34	Bordj Bou Arreridj	亘乇噩 亘賵毓乇賷乇賷噩
1188	Ouled Dahmane	兀賵賱丕丿 丿丨賲丕賳	3403	Bordj Zemmoura	亘乇噩 夭賲賵乇丞	34	Bordj Bou Arreridj	亘乇噩 亘賵毓乇賷乇賷噩
1195	Tassamert	鬲爻丕賲乇鬲	3403	Bordj Zemmoura	亘乇噩 夭賲賵乇丞	34	Bordj Bou Arreridj	亘乇噩 亘賵毓乇賷乇賷噩
1168	Ben Daoud	亘賳 丿丕賵丿	3404	Mansourah	丕賱賲賳氐賵乇丞	34	Bordj Bou Arreridj	亘乇噩 亘賵毓乇賷乇賷噩
1179	El M'hir	丕賱賲賴賷乇	3404	Mansourah	丕賱賲賳氐賵乇丞	34	Bordj Bou Arreridj	亘乇噩 亘賵毓乇賷乇賷噩
1181	Haraza	丨乇丕夭丞	3404	Mansourah	丕賱賲賳氐賵乇丞	34	Bordj Bou Arreridj	亘乇噩 亘賵毓乇賷乇賷噩
1185	Mansoura	丕賱賲賳氐賵乇丞	3404	Mansourah	丕賱賲賳氐賵乇丞	34	Bordj Bou Arreridj	亘乇噩 亘賵毓乇賷乇賷噩
1189	Ouled Sidi-Brahim	兀賵賱丕丿 爻賷丿賷 丕亘乇丕賴賷賲	3404	Mansourah	丕賱賲賳氐賵乇丞	34	Bordj Bou Arreridj	亘乇噩 亘賵毓乇賷乇賷噩
1164	Ain Taghrout	毓賷賳 鬲丕睾乇賵鬲	3408	Ain Taghrout	毓賷賳 鬲丕睾乇賵鬲	34	Bordj Bou Arreridj	亘乇噩 亘賵毓乇賷乇賷噩
1197	Tixter	鬲賷賰爻鬲丕乇	3408	Ain Taghrout	毓賷賳 鬲丕睾乇賵鬲	34	Bordj Bou Arreridj	亘乇噩 亘賵毓乇賷乇賷噩
1167	Belimour	亘賱賷賲賵乇	3409	Bordj Ghedir	亘乇噩 丕賱睾丿賷乇	34	Bordj Bou Arreridj	亘乇噩 亘賵毓乇賷乇賷噩
1170	Bordj Ghedir	亘乇噩 丕賱睾丿賷乇	3409	Bordj Ghedir	亘乇噩 丕賱睾丿賷乇	34	Bordj Bou Arreridj	亘乇噩 亘賵毓乇賷乇賷噩
1176	El Annasseur	丕賱毓賳丕氐乇	3409	Bordj Ghedir	亘乇噩 丕賱睾丿賷乇	34	Bordj Bou Arreridj	亘乇噩 亘賵毓乇賷乇賷噩
1180	Ghailasa	睾賷賱丕爻丞	3409	Bordj Ghedir	亘乇噩 丕賱睾丿賷乇	34	Bordj Bou Arreridj	亘乇噩 亘賵毓乇賷乇賷噩
1194	Taglait	鬲賯賱毓賷鬲	3409	Bordj Ghedir	亘乇噩 丕賱睾丿賷乇	34	Bordj Bou Arreridj	亘乇噩 亘賵毓乇賷乇賷噩
1174	El Euch	丕賱毓卮	3411	El Hamadia	丕賱丨賲丕丿賷丞	34	Bordj Bou Arreridj	亘乇噩 亘賵毓乇賷乇賷噩
1177	Elhammadia	丕賱丨賲丕丿賷丞	3411	El Hamadia	丕賱丨賲丕丿賷丞	34	Bordj Bou Arreridj	亘乇噩 亘賵毓乇賷乇賷噩
1184	Ksour	丕賱賯氐賵乇	3411	El Hamadia	丕賱丨賲丕丿賷丞	34	Bordj Bou Arreridj	亘乇噩 亘賵毓乇賷乇賷噩
1190	Rabta	丕賱乇丕亘胤丞	3411	El Hamadia	丕賱丨賲丕丿賷丞	34	Bordj Bou Arreridj	亘乇噩 亘賵毓乇賷乇賷噩
1175	El Achir	丕賱賷丕卮賷乇	3413	Medjana	賲噩丕賳丞	34	Bordj Bou Arreridj	亘乇噩 亘賵毓乇賷乇賷噩
1182	Hasnaoua	丨爻賳丕賵丞	3413	Medjana	賲噩丕賳丞	34	Bordj Bou Arreridj	亘乇噩 亘賵毓乇賷乇賷噩
1186	Medjana	賲噩丕賳丞	3413	Medjana	賲噩丕賳丞	34	Bordj Bou Arreridj	亘乇噩 亘賵毓乇賷乇賷噩
1196	Teniet En Nasr	孬賳賷丞 丕賱賳氐乇	3413	Medjana	賲噩丕賳丞	34	Bordj Bou Arreridj	亘乇噩 亘賵毓乇賷乇賷噩
1172	Colla	丕賱賯賱丞	3415	Djaafra	噩毓丕賮乇丞	34	Bordj Bou Arreridj	亘乇噩 亘賵毓乇賷乇賷噩
1173	Djaafra	噩毓丕賮乇丞	3415	Djaafra	噩毓丕賮乇丞	34	Bordj Bou Arreridj	亘乇噩 亘賵毓乇賷乇賷噩
1178	El Main	丕賱賲丕賷賳	3415	Djaafra	噩毓丕賮乇丞	34	Bordj Bou Arreridj	亘乇噩 亘賵毓乇賷乇賷噩
1193	Tefreg	鬲賮乇賯	3415	Djaafra	噩毓丕賮乇丞	34	Bordj Bou Arreridj	亘乇噩 亘賵毓乇賷乇賷噩
1169	Bir Kasdali	亘卅乇 賯丕氐丿 毓賱賷	3431	Bir Kasdali	亘卅乇 賯丕氐丿 毓賱賷	34	Bordj Bou Arreridj	亘乇噩 亘賵毓乇賷乇賷噩
1183	Khelil	禺賱賷賱	3431	Bir Kasdali	亘卅乇 賯丕氐丿 毓賱賷	34	Bordj Bou Arreridj	亘乇噩 亘賵毓乇賷乇賷噩
1192	Sidi-Embarek	爻賷丿賷 兀賲亘丕乇賰	3431	Bir Kasdali	亘卅乇 賯丕氐丿 毓賱賷	34	Bordj Bou Arreridj	亘乇噩 亘賵毓乇賷乇賷噩
1206	Boumerdes	亘賵賲乇丿丕爻	3501	Boumerdes	亘賵賲乇丿丕爻	35	Boumerd猫s	亘賵賲乇丿丕爻
1209	Corso	賯賵乇氐賵	3501	Boumerdes	亘賵賲乇丿丕爻	35	Boumerd猫s	亘賵賲乇丿丕爻
1227	Tidjelabine	鬲賷噩賱丕亘賷賳	3501	Boumerdes	亘賵賲乇丿丕爻	35	Boumerd猫s	亘賵賲乇丿丕爻
1204	Boudouaou	亘賵丿賵丕賵	3502	Boudouaou	亘賵丿賵丕賵	35	Boumerd猫s	亘賵賲乇丿丕爻
1205	Boudouaou El Bahri	亘賵丿賵丕賵 丕賱亘丨乇賷	3502	Boudouaou	亘賵丿賵丕賵	35	Boumerd猫s	亘賵賲乇丿丕爻
1207	Bouzegza Keddara	亘賵夭賯夭丞 賯丿丕乇丞	3502	Boudouaou	亘賵丿賵丕賵	35	Boumerd猫s	亘賵賲乇丿丕爻
1212	El Kharrouba	丕賱禺乇賵亘丞	3502	Boudouaou	亘賵丿賵丕賵	35	Boumerd猫s	亘賵賲乇丿丕爻
1220	Ouled Hedadj	兀賵賱丕丿 賴丿丕噩	3502	Boudouaou	亘賵丿賵丕賵	35	Boumerd猫s	亘賵賲乇丿丕爻
1203	Bordj Menaiel	亘乇噩 賲賳丕賷賱	3504	Bordj Menaiel	亘乇噩 賲賳丕賷賱	35	Boumerd猫s	亘賵賲乇丿丕爻
1211	Djinet	噩賳丕鬲	3504	Bordj Menaiel	亘乇噩 賲賳丕賷賱	35	Boumerd猫s	亘賵賲乇丿丕爻
1217	Leghata	賱賯丕胤丞	3504	Bordj Menaiel	亘乇噩 賲賳丕賷賱	35	Boumerd猫s	亘賵賲乇丿丕爻
1229	Zemmouri	夭賲賵乇賷	3504	Bordj Menaiel	亘乇噩 賲賳丕賷賱	35	Boumerd猫s	亘賵賲乇丿丕爻
1200	Baghlia	亘睾賱賷丞	3505	Baghlia	亘睾賱賷丞	35	Boumerd猫s	亘賵賲乇丿丕爻
1223	Sidi Daoud	爻賷丿賷 丿丕賵丿	3505	Baghlia	亘睾賱賷丞	35	Boumerd猫s	亘賵賲乇丿丕爻
1225	Taourga	鬲丕賵乇賯丞	3505	Baghlia	亘睾賱賷丞	35	Boumerd猫s	亘賵賲乇丿丕爻
1218	Naciria	丕賱賳丕氐乇賷丞	3507	Naciria	丕賱賳丕氐乇賷丞	35	Boumerd猫s	亘賵賲乇丿丕爻
1219	Ouled Aissa	兀賵賱丕丿 毓賷爻賶	3507	Naciria	丕賱賳丕氐乇賷丞	35	Boumerd猫s	亘賵賲乇丿丕爻
1208	Chabet El Ameur	卮毓亘丞 丕賱毓丕賲乇	3509	Isser	賷爻乇	35	Boumerd猫s	亘賵賲乇丿丕爻
1214	Isser	賷爻乇	3509	Isser	賷爻乇	35	Boumerd猫s	亘賵賲乇丿丕爻
1222	Si Mustapha	爻賷 賲氐胤賮賶	3509	Isser	賷爻乇	35	Boumerd猫s	亘賵賲乇丿丕爻
1228	Timezrit	鬲賷賲夭乇賷鬲	3509	Isser	賷爻乇	35	Boumerd猫s	亘賵賲乇丿丕爻
1199	Ammal	毓賲丕賱	3514	Thenia	丕賱孬賳賷丞	35	Boumerd猫s	亘賵賲乇丿丕爻
1202	Beni Amrane	亘賳賷 毓賲乇丕賳	3514	Thenia	丕賱孬賳賷丞	35	Boumerd猫s	亘賵賲乇丿丕爻
1224	Souk El Had	爻賵賯 丕賱丨丿	3514	Thenia	丕賱孬賳賷丞	35	Boumerd猫s	亘賵賲乇丿丕爻
1226	Thenia	丕賱孬賳賷丞	3514	Thenia	丕賱孬賳賷丞	35	Boumerd猫s	亘賵賲乇丿丕爻
1198	Afir	兀毓賮賷乇	3523	Dellys	丿賱爻	35	Boumerd猫s	亘賵賲乇丿丕爻
1201	Ben Choud	亘賳 卮賵丿	3523	Dellys	丿賱爻	35	Boumerd猫s	亘賵賲乇丿丕爻
1210	Dellys	丿賱爻	3523	Dellys	丿賱爻	35	Boumerd猫s	亘賵賲乇丿丕爻
1213	Hammedi	丨賲丕丿賷	3531	Khemis El Khechna	禺賲賷爻 丕賱禺卮賳丞	35	Boumerd猫s	亘賵賲乇丿丕爻
1215	Khemis El Khechna	禺賲賷爻 丕賱禺卮賳丞	3531	Khemis El Khechna	禺賲賷爻 丕賱禺卮賳丞	35	Boumerd猫s	亘賵賲乇丿丕爻
1216	Larbatache	丕賱丕乇亘毓胤丕卮	3531	Khemis El Khechna	禺賲賷爻 丕賱禺卮賳丞	35	Boumerd猫s	亘賵賲乇丿丕爻
1221	Ouled Moussa	兀賵賱丕丿 賲賵爻賶	3531	Khemis El Khechna	禺賲賷爻 丕賱禺卮賳丞	35	Boumerd猫s	亘賵賲乇丿丕爻
1230	Ain El Assel	毓賷賳 丕賱毓爻賱	3601	El Tarf	丕賱胤丕乇賮	36	El Tarf	丕賱胤丕乇賮
1236	Bougous	亘賵賯賵爻	3601	El Tarf	丕賱胤丕乇賮	36	El Tarf	丕賱胤丕乇賮
1246	El Tarf	丕賱胤丕乇賮	3601	El Tarf	丕賱胤丕乇賮	36	El Tarf	丕賱胤丕乇賮
1253	Zitouna	丕賱夭賷鬲賵賳丞	3601	El Tarf	丕賱胤丕乇賮	36	El Tarf	丕賱胤丕乇賮
1231	Ain Kerma	毓賷賳 丕賱賰乇賲丞	3602	Bouhadjar	亘賵丨噩丕乇	36	El Tarf	丕賱胤丕乇賮
1237	Bouhadjar	亘賵丨噩丕乇	3602	Bouhadjar	亘賵丨噩丕乇	36	El Tarf	丕賱胤丕乇賮
1247	Hammam Beni Salah	丨賲丕賲 亘賳賷 氐丕賱丨	3602	Bouhadjar	亘賵丨噩丕乇	36	El Tarf	丕賱胤丕乇賮
1249	Oued Zitoun	賵丕丿賷 丕賱夭賷鬲賵賳	3602	Bouhadjar	亘賵丨噩丕乇	36	El Tarf	丕賱胤丕乇賮
1233	Ben M Hidi	亘賳 賲賴賷丿賷	3603	Ben M'hidi	亘賳 賲賴賷丿賷	36	El Tarf	丕賱胤丕乇賮
1234	Berrihane	亘乇賷丨丕賳	3603	Ben M'hidi	亘賳 賲賴賷丿賷	36	El Tarf	丕賱胤丕乇賮
1243	Echatt	丕賱卮胤	3603	Ben M'hidi	亘賳 賲賴賷丿賷	36	El Tarf	丕賱胤丕乇賮
1244	El Aioun	丕賱毓賷賵賳	3605	El Kala	丕賱賯丕賱丞	36	El Tarf	丕賱胤丕乇賮
1245	El Kala	丕賱賯丕賱丞	3605	El Kala	丕賱賯丕賱丞	36	El Tarf	丕賱胤丕乇賮
1250	Raml Souk	乇賲賱 丕賱爻賵賯	3605	El Kala	丕賱賯丕賱丞	36	El Tarf	丕賱胤丕乇賮
1251	Souarekh	丕賱爻賵丕乇禺	3605	El Kala	丕賱賯丕賱丞	36	El Tarf	丕賱胤丕乇賮
1238	Bouteldja	亘賵孬賱噩丞	3608	Bouteldja	亘賵孬賱噩丞	36	El Tarf	丕賱胤丕乇賮
1240	Chefia	丕賱卮丕賮賷丞	3608	Bouteldja	亘賵孬賱噩丞	36	El Tarf	丕賱胤丕乇賮
1248	Lac Des Oiseaux	亘丨賷乇丞 丕賱胤賷賵乇	3608	Bouteldja	亘賵孬賱噩丞	36	El Tarf	丕賱胤丕乇賮
1239	Chebaita Mokhtar	卮亘賷胤丞 賲禺鬲丕乇	3613	Drean	丕賱匕乇毓丕賳	36	El Tarf	丕賱胤丕乇賮
1241	Chihani	卮丨丕賳賷	3613	Drean	丕賱匕乇毓丕賳	36	El Tarf	丕賱胤丕乇賮
1242	Drean	丕賱匕乇毓賭丕賳	3613	Drean	丕賱匕乇毓丕賳	36	El Tarf	丕賱胤丕乇賮
1232	Asfour	毓氐賮賵乇	3616	Besbes	丕賱亘爻亘丕爻	36	El Tarf	丕賱胤丕乇賮
1235	Besbes	丕賱亘爻亘丕爻	3616	Besbes	丕賱亘爻亘丕爻	36	El Tarf	丕賱胤丕乇賮
1252	Zerizer	夭乇賷夭乇	3616	Besbes	丕賱亘爻亘丕爻	36	El Tarf	丕賱胤丕乇賮
1254	Oum El Assel	兀賲 丕賱毓爻賱	3701	Tindouf	鬲賳丿賵賮	37	Tindouf	鬲賳丿賵賮
1255	Tindouf	鬲賳丿賵賮	3701	Tindouf	鬲賳丿賵賮	37	Tindouf	鬲賳丿賵賮
1269	Ouled Bessam	兀賵賱丕丿 亘爻丕賲	3801	Tissemsilt	鬲賷爻賲爻賷賱鬲	38	Tissemsilt	鬲賷爻賲爻賷賱鬲
1276	Tissemsilt	鬲賷爻賲爻賷賱鬲	3801	Tissemsilt	鬲賷爻賲爻賷賱鬲	38	Tissemsilt	鬲賷爻賲爻賷賱鬲
1257	Beni Chaib	亘賳賷 卮毓賷亘	3802	Bordj Bounaama	亘乇噩 亘賵賳毓丕賲丞	38	Tissemsilt	鬲賷爻賲爻賷賱鬲
1258	Beni Lahcene	亘賳賷 賱丨爻賳	3802	Bordj Bounaama	亘乇噩 亘賵賳毓丕賲丞	38	Tissemsilt	鬲賷爻賲爻賷賱鬲
1259	Bordj Bounaama	亘乇噩 亘賵賳毓丕賲丞	3802	Bordj Bounaama	亘乇噩 亘賵賳毓丕賲丞	38	Tissemsilt	鬲賷爻賲爻賷賱鬲
1273	Sidi Slimane	爻賷丿賷 爻賱賷賲丕賳	3802	Bordj Bounaama	亘乇噩 亘賵賳毓丕賲丞	38	Tissemsilt	鬲賷爻賲爻賷賱鬲
1271	Sidi Boutouchent	爻賷丿賷 亘賵鬲賵卮賳鬲	3803	Theniet El Had	孬賳賷丞 丕賱丕丨丿	38	Tissemsilt	鬲賷爻賲爻賷賱鬲
1275	Theniet El Had	孬賳賷丞 丕賱丕丨丿	3803	Theniet El Had	孬賳賷丞 丕賱丕丨丿	38	Tissemsilt	鬲賷爻賲爻賷賱鬲
1261	Boucaid	亘賵賯丕卅丿	3804	Lazharia	丕賱兀夭賴乇賷丞	38	Tissemsilt	鬲賷爻賲爻賷賱鬲
1263	Larbaa	丕賱兀乇亘毓丕亍	3804	Lazharia	丕賱兀夭賴乇賷丞	38	Tissemsilt	鬲賷爻賲爻賷賱鬲
1266	Lazharia	丕賱兀夭賴乇賷丞	3804	Lazharia	丕賱兀夭賴乇賷丞	38	Tissemsilt	鬲賷爻賲爻賷賱鬲
1264	Lardjem	賱乇噩丕賲	3806	Lardjem	賱乇噩丕賲	38	Tissemsilt	鬲賷爻賲爻賷賱鬲
1268	Melaab	丕賱賲賱毓亘	3806	Lardjem	賱乇噩丕賲	38	Tissemsilt	鬲賷爻賲爻賷賱鬲
1272	Sidi Lantri	爻賷丿賷 丕賱毓賳鬲乇賷	3806	Lardjem	賱乇噩丕賲	38	Tissemsilt	鬲賷爻賲爻賷賱鬲
1274	Tamellahet	鬲賲賱丕丨鬲	3806	Lardjem	賱乇噩丕賲	38	Tissemsilt	鬲賷爻賲爻賷賱鬲
1260	Bordj El Emir Abdelkader	亘乇噩 丕賱兀賲賷乇 毓亘丿 丕賱賯丕丿乇	3809	Bordj Emir Abdelkader	亘乇噩 丕賱兀賲賷乇 毓亘丿 丕賱賯丕丿乇	38	Tissemsilt	鬲賷爻賲爻賷賱鬲
1277	Youssoufia	丕賱賷賵爻賮賷丞	3809	Bordj Emir Abdelkader	亘乇噩 丕賱兀賲賷乇 毓亘丿 丕賱賯丕丿乇	38	Tissemsilt	鬲賷爻賲爻賷賱鬲
1262	Khemisti	禺賲賷爻鬲賷	3811	Khemisti	禺賲賷爻鬲賷	38	Tissemsilt	鬲賷爻賲爻賷賱鬲
1265	Layoune	丕賱毓賷賵賳	3811	Khemisti	禺賲賷爻鬲賷	38	Tissemsilt	鬲賷爻賲爻賷賱鬲
1256	Ammari	毓賲丕乇賷	3813	Ammari	毓賲丕乇賷	38	Tissemsilt	鬲賷爻賲爻賷賱鬲
1267	Maacem	丕賱賲毓丕氐賲	3813	Ammari	毓賲丕乇賷	38	Tissemsilt	鬲賷爻賲爻賷賱鬲
1270	Sidi Abed	爻賷丿賷 毓丕亘丿	3813	Ammari	毓賲丕乇賷	38	Tissemsilt	鬲賷爻賲爻賷賱鬲
1285	El-Oued	丕賱賵丕丿賷	3901	El Oued	丕賱賵丕丿賷	39	El Oued	丕賱賵丕丿賷
1290	Kouinine	賰賵賷賳賷賳	3901	El Oued	丕賱賵丕丿賷	39	El Oued	丕賱賵丕丿賷
1283	El Ogla	丕賱毓賯賱丞	3902	Robbah	丕賱乇亘丕丨	39	El Oued	丕賱賵丕丿賷
1294	Nakhla	丕賱賳禺賱丞	3902	Robbah	丕賱乇亘丕丨	39	El Oued	丕賱賵丕丿賷
1299	Robbah	丕賱乇亘丕丨	3902	Robbah	丕賱乇亘丕丨	39	El Oued	丕賱賵丕丿賷
1278	Bayadha	丕賱亘賷丕囟丞	3904	Bayadha	丕賱亘賷丕囟丞	39	El Oued	丕賱賵丕丿賷
1286	Guemar	賯賲丕乇	3906	Guemar	賯賲丕乇	39	El Oued	丕賱賵丕丿賷
1297	Ourmes	賵乇賲丕爻	3906	Guemar	賯賲丕乇	39	El Oued	丕賱賵丕丿賷
1304	Taghzout	鬲睾夭賵鬲	3906	Guemar	賯賲丕乇	39	El Oued	丕賱賵丕丿賷
1287	Hamraia	丕賱丨賲乇丕賷丞	3908	Reguiba	丕賱乇賯賷亘丞	39	El Oued	丕賱賵丕丿賷
1298	Reguiba	丕賱乇賯賷亘丞	3908	Reguiba	丕賱乇賯賷亘丞	39	El Oued	丕賱賵丕丿賷
1280	Debila	丕賱丿亘賷賱丞	3911	Debila	丕賱丿亘賷賱丞	39	El Oued	丕賱賵丕丿賷
1288	Hassani Abdelkrim	丨爻丕賳賷 毓亘丿 丕賱賰乇賷賲	3911	Debila	丕賱丿亘賷賱丞	39	El Oued	丕賱賵丕丿賷
1289	Hassi Khalifa	丨丕爻賷 禺賱賷賮丞	3913	Hassi Khalifa	丨丕爻賷 禺賱賷賮丞	39	El Oued	丕賱賵丕丿賷
1307	Trifaoui	丕賱胤乇賷賮丕賵賷	3913	Hassi Khalifa	丨丕爻賷 禺賱賷賮丞	39	El Oued	丕賱賵丕丿賷
1279	Ben Guecha	亘賳  賯卮丞	3914	Taleb Larbi	丕賱胤丕賱亘 丕賱毓乇亘賷	39	El Oued	丕賱賵丕丿賷
1282	Douar El Maa	丿賵丕乇 丕賱賲丕亍	3914	Taleb Larbi	丕賱胤丕賱亘 丕賱毓乇亘賷	39	El Oued	丕賱賵丕丿賷
1305	Taleb Larbi	丕賱胤丕賱亘 丕賱毓乇亘賷	3914	Taleb Larbi	丕賱胤丕賱亘 丕賱毓乇亘賷	39	El Oued	丕賱賵丕丿賷
1291	Magrane	丕賱賲賯乇賳	3918	Magrane	丕賱賲賯乇賳	39	El Oued	丕賱賵丕丿賷
1301	Sidi Aoun	爻賷丿賷 毓賵賳	3918	Magrane	丕賱賲賯乇賳	39	El Oued	丕賱賵丕丿賷
1292	Mih Ouansa	丕賲賷賴 賵丕賳爻丞	3926	Mih Ouensa	丕賲賷賴 賵丕賳爻丞	39	El Oued	丕賱賵丕丿賷
1295	Oued El Alenda	賵丕丿賷 丕賱毓賱賳丿丞	3926	Mih Ouensa	丕賲賷賴 賵丕賳爻丞	39	El Oued	丕賱賵丕丿賷
1320	Khenchela	禺賳卮賱丞	4001	Khenchela	禺賳卮賱丞	40	Khenchela	禺賳卮賱丞
1319	Kais	賯丕賷爻	4003	Kais	賯丕賷爻	40	Khenchela	禺賳卮賱丞
1325	Remila	丕賱乇賲賷賱丞	4003	Kais	賯丕賷爻	40	Khenchela	禺賳卮賱丞
1327	Taouzianat	鬲丕賵夭賷丕賳鬲	4003	Kais	賯丕賷爻	40	Khenchela	禺賳卮賱丞
1310	Baghai	亘睾丕賷	4005	El Hamma	丕賱丨丕賲丞	40	Khenchela	禺賳卮賱丞
1315	El Hamma	丕賱丨丕賲丞	4005	El Hamma	丕賱丨丕賲丞	40	Khenchela	禺賳卮賱丞
1318	Ensigha	丕賳爻賷睾丞	4005	El Hamma	丕賱丨丕賲丞	40	Khenchela	禺賳卮賱丞
1326	Tamza	胤丕賲夭丞	4005	El Hamma	丕賱丨丕賲丞	40	Khenchela	禺賳卮賱丞
1308	Ain Touila	毓賷賳 丕賱胤賵賷賱丞	4006	Ain Touila	毓賷賳 丕賱胤賵賷賱丞	40	Khenchela	禺賳卮賱丞
1323	M'toussa	賲鬲賵爻丞	4006	Ain Touila	毓賷賳 丕賱胤賵賷賱丞	40	Khenchela	禺賳卮賱丞
1311	Bouhmama	亘賵丨賲丕賲丞	4008	Bouhmama	亘賵丨賲丕賲丞	40	Khenchela	禺賳卮賱丞
1313	Chellia	卮賱賷丞	4008	Bouhmama	亘賵丨賲丕賲丞	40	Khenchela	禺賳卮賱丞
1322	M'sara	賲氐丕乇丞	4008	Bouhmama	亘賵丨賲丕賲丞	40	Khenchela	禺賳卮賱丞
1328	Yabous	賷丕亘賵爻	4008	Bouhmama	亘賵丨賲丕賲丞	40	Khenchela	禺賳卮賱丞
1312	Chechar	卮卮丕乇	4011	Chechar	卮卮丕乇	40	Khenchela	禺賳卮賱丞
1314	Djellal	噩賱丕賱	4011	Chechar	卮卮丕乇	40	Khenchela	禺賳卮賱丞
1317	El Oueldja	丕賱賵賱噩丞	4011	Chechar	卮卮丕乇	40	Khenchela	禺賳卮賱丞
1321	Khirane	禺賷乇丕賳	4011	Chechar	卮卮丕乇	40	Khenchela	禺賳卮賱丞
1309	Babar	亘丕亘丕乇	4013	Babar	亘丕亘丕乇	40	Khenchela	禺賳卮賱丞
1316	El Mahmal	丕賱賲丨賲賱	4016	Ouled Rechache	兀賵賱丕丿 乇卮丕卮	40	Khenchela	禺賳卮賱丞
1324	Ouled Rechache	兀賵賱丕丿 乇卮丕卮	4016	Ouled Rechache	兀賵賱丕丿 乇卮丕卮	40	Khenchela	禺賳卮賱丞
1349	Souk Ahras	爻賵賯 兀賴乇丕爻	4101	Souk Ahras	爻賵賯 兀賴乇丕爻	41	Souk Ahras	爻賵賯 兀賴乇丕爻
1329	Ain Soltane	毓賷賳 爻賱胤丕賳	4102	Sedrata	爻丿乇丕鬲丞	41	Souk Ahras	爻賵賯 兀賴乇丕爻
1336	Khemissa	禺賲賷爻丞	4102	Sedrata	爻丿乇丕鬲丞	41	Souk Ahras	爻賵賯 兀賴乇丕爻
1347	Sedrata	爻丿乇丕鬲丞	4102	Sedrata	爻丿乇丕鬲丞	41	Souk Ahras	爻賵賯 兀賴乇丕爻
1334	Hanencha	丕賱丨賳丕賳卮丞	4104	Mechroha	丕賱賲卮乇賵丨丞	41	Souk Ahras	爻賵賯 兀賴乇丕爻
1337	Machroha	丕賱賲卮乇賵丨丞	4104	Mechroha	丕賱賲卮乇賵丨丞	41	Souk Ahras	爻賵賯 兀賴乇丕爻
1330	Ain Zana	毓賷賳 丕賱夭丕賳丞	4105	Ouled Driss	兀賵賱丕丿 廿丿乇賷爻	41	Souk Ahras	爻賵賯 兀賴乇丕爻
1341	Ouled Driss	兀賵賱丕丿 廿丿乇賷爻	4105	Ouled Driss	兀賵賱丕丿 廿丿乇賷爻	41	Souk Ahras	爻賵賯 兀賴乇丕爻
1332	Drea	丕賱丿乇賷毓丞	4108	Taoura	鬲丕賵乇丞	41	Souk Ahras	爻賵賯 兀賴乇丕爻
1350	Taoura	鬲丕賵乇丞	4108	Taoura	鬲丕賵乇丞	41	Souk Ahras	爻賵賯 兀賴乇丕爻
1353	Zaarouria	丕賱夭毓乇賵乇賷丞	4108	Taoura	鬲丕賵乇丞	41	Souk Ahras	爻賵賯 兀賴乇丕爻
1333	Haddada	丕賱丨丿丕丿丞	4110	Haddada	丕賱丨丿丕丿丞	41	Souk Ahras	爻賵賯 兀賴乇丕爻
1335	Khedara	丕賱禺囟丕乇丞	4110	Haddada	丕賱丨丿丕丿丞	41	Souk Ahras	爻賵賯 兀賴乇丕爻
1342	Ouled Moumen	兀賵賱丕丿 賲賵賲賳	4110	Haddada	丕賱丨丿丕丿丞	41	Souk Ahras	爻賵賯 兀賴乇丕爻
1339	Merahna	丕賱賲乇丕賴賳丞	4112	Merahna	丕賱賲乇丕賴賳丞	41	Souk Ahras	爻賵賯 兀賴乇丕爻
1344	Ouillen	賵賷賱丕賳	4112	Merahna	丕賱賲乇丕賴賳丞	41	Souk Ahras	爻賵賯 兀賴乇丕爻
1348	Sidi Fredj	爻賷丿賷 賮乇噩	4112	Merahna	丕賱賲乇丕賴賳丞	41	Souk Ahras	爻賵賯 兀賴乇丕爻
1331	Bir Bouhouche	亘卅乇 亘賵丨賵卮	4114	Bir Bouhouche	亘卅乇 亘賵丨賵卮	41	Souk Ahras	爻賵賯 兀賴乇丕爻
1346	Safel El Ouiden	爻丕賮賱 丕賱賵賷丿丕賳	4114	Bir Bouhouche	亘卅乇 亘賵丨賵卮	41	Souk Ahras	爻賵賯 兀賴乇丕爻
1354	Zouabi	丕賱夭賵丕亘賷	4114	Bir Bouhouche	亘卅乇 亘賵丨賵卮	41	Souk Ahras	爻賵賯 兀賴乇丕爻
1338	M'daourouche	賲丿丕賵乇賵卮	4115	M'daourouche	賲丿丕賵乇賵卮	41	Souk Ahras	爻賵賯 兀賴乇丕爻
1345	Ragouba	丕賱乇丕賯賵亘丞	4115	M'daourouche	賲丿丕賵乇賵卮	41	Souk Ahras	爻賵賯 兀賴乇丕爻
1352	Tiffech	鬲賷賮丕卮	4115	M'daourouche	賲丿丕賵乇賵卮	41	Souk Ahras	爻賵賯 兀賴乇丕爻
1340	Oued Kebrit	賵丕丿賷 丕賱賰亘乇賷鬲	4116	Oum El Adhaim	兀賲 丕賱毓馗丕賷賲	41	Souk Ahras	爻賵賯 兀賴乇丕爻
1343	Oum El Adhaim	兀賲 丕賱毓馗丕賷賲	4116	Oum El Adhaim	兀賲 丕賱毓馗丕賷賲	41	Souk Ahras	爻賵賯 兀賴乇丕爻
1351	Terraguelt	鬲乇賯丕賱鬲	4116	Oum El Adhaim	兀賲 丕賱毓馗丕賷賲	41	Souk Ahras	爻賵賯 兀賴乇丕爻
1382	Tipaza	鬲賷亘丕夭丞	4201	Tipaza	鬲賷亘丕夭丞	42	Tipaza	鬲賷亘丕夭丞
1369	Hadjout	丨噩賵胤	4208	Hadjout	丨噩賵胤	42	Tipaza	鬲賷亘丕夭丞
1375	Menaceur	賲賳丕氐乇	4209	Sidi Amar	爻賷丿賷 兀毓賲乇	42	Tipaza	鬲賷亘丕夭丞
1374	Merad	賲乇丕丿	4208	Hadjout	丨噩賵胤	42	Tipaza	鬲賷亘丕夭丞
1377	Nador	丕賱賳丕馗賵乇	4209	Sidi Amar	爻賷丿賷 兀毓賲乇	42	Tipaza	鬲賷亘丕夭丞
1381	Sidi-Amar	爻賷丿賷 毓丕賲乇	4209	Sidi Amar	爻賷丿賷 兀毓賲乇	42	Tipaza	鬲賷亘丕夭丞
1355	Aghbal	兀睾亘丕賱	4210	Gouraya	賯賵乇丕賷丞	42	Tipaza	鬲賷亘丕夭丞
1368	Gouraya	賯賵乇丕賷丞	4210	Gouraya	賯賵乇丕賷丞	42	Tipaza	鬲賷亘丕夭丞
1376	Messelmoun	賲爻賱賲賵賳	4210	Gouraya	賯賵乇丕賷丞	42	Tipaza	鬲賷亘丕夭丞
1364	Cherchell	卮乇卮丕賱	4214	Cherchell	卮乇卮丕賱	42	Tipaza	鬲賷亘丕夭丞
1370	Hadjret Ennous	丨噩乇丞 丕賱賳氐	4214	Cherchell	卮乇卮丕賱	42	Tipaza	鬲賷亘丕夭丞
1378	Sidi Ghiles	爻賷丿賷 睾賷賱丕爻	4214	Cherchell	卮乇卮丕賱	42	Tipaza	鬲賷亘丕夭丞
1380	Sidi Semiane	爻賷丿賷 爻賲賷丕賳	4214	Cherchell	卮乇卮丕賱	42	Tipaza	鬲賷亘丕夭丞
1359	Beni Mileuk	亘賳賷 賲賷賱賰	4215	Damous	丕賱丿丕賲賵爻	42	Tipaza	鬲賷亘丕夭丞
1365	Damous	丕賱丿丕賲賵爻	4215	Damous	丕賱丿丕賲賵爻	42	Tipaza	鬲賷亘丕夭丞
1373	Larhat	丕賱兀乇賴丕胤	4215	Damous	丕賱丿丕賲賵爻	42	Tipaza	鬲賷亘丕夭丞
1357	Ain Tagourait	毓賷賳 鬲丕賯賵乇丕賷鬲	4218	Bou Ismail	亘賵丕爻賲丕毓賷賱	42	Tipaza	鬲賷亘丕夭丞
1360	Bou Haroun	亘賵賴丕乇賵賳	4218	Bou Ismail	亘賵丕爻賲丕毓賷賱	42	Tipaza	鬲賷亘丕夭丞
1361	Bou Ismail	亘賵丕爻賲丕毓賷賱	4218	Bou Ismail	亘賵丕爻賲丕毓賷賱	42	Tipaza	鬲賷亘丕夭丞
1371	Khemisti	禺賲賷爻鬲賷	4218	Bou Ismail	亘賵丕爻賲丕毓賷賱	42	Tipaza	鬲賷亘丕夭丞
1356	Ahmer El Ain	兀丨賲乇 丕賱毓賷賳	4219	Ahmar El Ain	兀丨賲乇 丕賱毓賷賳	42	Tipaza	鬲賷亘丕夭丞
1362	Bourkika	亘賵乇賯賷賯丞	4219	Ahmar El Ain	兀丨賲乇 丕賱毓賷賳	42	Tipaza	鬲賷亘丕夭丞
1379	Sidi Rached	爻賷丿賷 乇丕卮丿	4219	Ahmar El Ain	兀丨賲乇 丕賱毓賷賳	42	Tipaza	鬲賷亘丕夭丞
1358	Attatba	丕賱丨胤丕胤亘丞	4224	Kolea	丕賱賯賱賷毓丞	42	Tipaza	鬲賷亘丕夭丞
1363	Chaiba	丕賱卮毓賷亘丞	4224	Kolea	丕賱賯賱賷毓丞	42	Tipaza	鬲賷亘丕夭丞
1372	Kolea	丕賱賯賱賷毓丞	4224	Kolea	丕賱賯賱賷毓丞	42	Tipaza	鬲賷亘丕夭丞
1386	Ain Tine	毓賷賳 丕賱鬲賷賳	4301	Mila	賲賷賱丞	43	Mila	賲賷賱丞
1398	Mila	賲賷賱丞	4301	Mila	賲賷賱丞	43	Mila	賲賷賱丞
1405	Sidi Khelifa	爻賷丿賷 禺賱賷賮丞	4301	Mila	賲賷賱丞	43	Mila	賲賷賱丞
1395	Ferdjioua	賮乇噩賷賵丞	4302	Ferdjioua	賮乇噩賷賵丞	43	Mila	賲賷賱丞
1413	Yahia Beniguecha	賷丨賷 亘賳賷 賯卮丞	4302	Ferdjioua	賮乇噩賷賵丞	43	Mila	賲賷賱丞
1385	Ain Mellouk	毓賷賳 丕賱賲賱賵賰	4303	Chelghoum Laid	卮賱睾賵賲 丕賱毓賷丿	43	Mila	賲賷賱丞
1390	Chelghoum Laid	卮賱睾賵賲 丕賱毓賷丿	4303	Chelghoum Laid	卮賱睾賵賲 丕賱毓賷丿	43	Mila	賲賷賱丞
1400	Oued Athmenia	賵丕丿賷 丕賱毓孬賲丕賳賷丞	4303	Chelghoum Laid	卮賱睾賵賲 丕賱毓賷丿	43	Mila	賲賷賱丞
1394	El Mechira	賲卮賷乇丞	4306	Teleghma	丕賱鬲賱丕睾賲丞	43	Mila	賲賷賱丞
1402	Oued Seguen	賵丕丿賷 爻賯丕賳	4306	Teleghma	丕賱鬲賱丕睾賲丞	43	Mila	賲賷賱丞
1409	Teleghma	丕賱鬲賱丕睾賲丞	4306	Teleghma	丕賱鬲賱丕睾賲丞	43	Mila	賲賷賱丞
1388	Benyahia Abderrahmane	亘賳 賷丨賷 毓亘丿 丕賱乇丨賲賳	4308	Tadjenanet	鬲丕噩賳丕賳鬲	43	Mila	賲賷賱丞
1403	Ouled Khalouf	兀賵賱丕丿 丕禺賱賵賮	4308	Tadjenanet	鬲丕噩賳丕賳鬲	43	Mila	賲賷賱丞
1407	Tadjenanet	鬲丕噩賳丕賳鬲	4308	Tadjenanet	鬲丕噩賳丕賳鬲	43	Mila	賲賷賱丞
1383	Ahmed Rachedi	兀丨賲丿 乇丕卮丿賷	4310	Oued Endja	賵丕丿賷 丕賱賳噩丕亍	43	Mila	賲賷賱丞
1401	Oued Endja	賵丕丿賷 丕賱賳噩丕亍	4310	Oued Endja	賵丕丿賷 丕賱賳噩丕亍	43	Mila	賲賷賱丞
1414	Zeghaia	夭睾丕賷丞	4310	Oued Endja	賵丕丿賷 丕賱賳噩丕亍	43	Mila	賲賷賱丞
1389	Bouhatem	亘賵丨丕鬲賲	4314	Bouhatem	亘賵丨丕鬲賲	43	Mila	賲賷賱丞
1392	Derrahi Bousselah	丿乇丕丨賷 亘賵氐賱丕丨	4314	Bouhatem	亘賵丨丕鬲賲	43	Mila	賲賷賱丞
1404	Rouached	丕賱乇賵丕卮丿	4315	Rouached	丕賱乇賵丕卮丿	43	Mila	賲賷賱丞
1412	Tiberguent	鬲賷亘乇賯賳鬲	4315	Rouached	丕賱乇賵丕卮丿	43	Mila	賲賷賱丞
1396	Grarem Gouga	丕賱賯乇丕乇賲 賯賵賯丞	4317	Grarem Gouga	丕賱賯乇丕乇賲 賯賵賯丞	43	Mila	賲賷賱丞
1397	Hamala	丨賲丕賱丞	4317	Grarem Gouga	丕賱賯乇丕乇賲 賯賵賯丞	43	Mila	賲賷賱丞
1391	Chigara	丕賱卮賷賯丕乇丞	4318	Sidi Merouane	爻賷丿賷 賲乇賵丕賳	43	Mila	賲賷賱丞
1406	Sidi Merouane	爻賷丿賷 賲乇賵丕賳	4318	Sidi Merouane	爻賷丿賷 賲乇賵丕賳	43	Mila	賲賷賱丞
1399	Minar Zarza	賲賷賳丕乇 夭丕乇夭丞	4319	Tassadane Haddada	鬲爻丿丕賳 丨丿丕丿丞	43	Mila	賲賷賱丞
1408	Tassadane Haddada	鬲爻丿丕賳 丨丿丕丿丞	4319	Tassadane Haddada	鬲爻丿丕賳 丨丿丕丿丞	43	Mila	賲賷賱丞
1387	Amira Arres	丕毓賲賷乇丞 丕乇丕爻	4323	Terrai Bainen	鬲乇毓賷 亘丕賷賳丕賳	43	Mila	賲賷賱丞
1410	Terrai Bainen	鬲乇毓賷 亘丕賷賳丕賳	4323	Terrai Bainen	鬲乇毓賷 亘丕賷賳丕賳	43	Mila	賲賷賱丞
1411	Tassala Lematai	鬲爻丕賱丞 賱賲胤丕毓賷	4323	Terrai Bainen	鬲乇毓賷 亘丕賷賳丕賳	43	Mila	賲賷賱丞
1384	Ain Beida Harriche	 毓賷賳 丕賱亘賷囟丕亍 兀丨乇賷卮	4330	Ain Beida Harriche	毓賷賳 丕賱亘賷囟丕亍 兀丨乇賷卮	43	Mila	賲賷賱丞
1393	El Ayadi Barbes	丕賱毓賷丕囟賷 亘乇亘丕爻	4330	Ain Beida Harriche	毓賷賳 丕賱亘賷囟丕亍 兀丨乇賷卮	43	Mila	賲賷賱丞
1417	Ain-Defla	毓賷賳 丕賱丿賮賱賶	4401	Ain Defla	毓賷賳 丕賱丿賮賱賶	44	A茂n Defla	毓賷賳 丕賱丿賮賱丞
1425	Ben Allal	亘賳 毓賱丕賱	4402	Miliana	賲賱賷丕賳丞	44	A茂n Defla	毓賷賳 丕賱丿賮賱丞
1442	Miliana	賲賱賷丕賳丞	4402	Miliana	賲賱賷丕賳丞	44	A茂n Defla	毓賷賳 丕賱丿賮賱丞
1428	Boumedfaa	亘賵賲丿賮毓	4403	Boumedfaa	亘賵賲丿賮毓	44	A茂n Defla	毓賷賳 丕賱丿賮賱丞
1439	Hoceinia	丕賱丨爻賷賳賷丞	4403	Boumedfaa	亘賵賲丿賮毓	44	A茂n Defla	毓賷賳 丕賱丿賮賱丞
1440	Khemis-Miliana	禺賲賷爻 賲賱賷丕賳丞	4404	Khemis	禺賲賷爻	44	A茂n Defla	毓賷賳 丕賱丿賮賱丞
1446	Sidi-Lakhdar	爻賷丿賷 丕賱兀禺囟乇	4404	Khemis	禺賲賷爻	44	A茂n Defla	毓賷賳 丕賱丿賮賱丞
1415	Ain-Benian	毓賷賳 丕賱亘賳賷丕賳	4405	Hammam Righa	丨賲丕賲 乇賷睾丞	44	A茂n Defla	毓賷賳 丕賱丿賮賱丞
1420	Ain-Torki	毓賷賳 丕賱鬲乇賰賷	4405	Hammam Righa	丨賲丕賲 乇賷睾丞	44	A茂n Defla	毓賷賳 丕賱丿賮賱丞
1437	Hammam-Righa	丨賲丕賲 乇賷睾丞	4405	Hammam Righa	丨賲丕賲 乇賷睾丞	44	A茂n Defla	毓賷賳 丕賱丿賮賱丞
1429	Bourached	亘賵乇丕卮丿	4407	Djelida	噩賱賷丿丞	44	A茂n Defla	毓賷賳 丕賱丿賮賱丞
1430	Djelida	噩賱賷丿丞	4407	Djelida	噩賱賷丿丞	44	A茂n Defla	毓賷賳 丕賱丿賮賱丞
1431	Djemaa Ouled Cheikh	噩賲毓丞 兀賵賱丕丿 丕賱卮賷禺	4407	Djelida	噩賱賷丿丞	44	A茂n Defla	毓賷賳 丕賱丿賮賱丞
1421	Arib	毓乇賷亘	4408	El Amra	丕賱毓丕賲乇丞	44	A茂n Defla	毓賷賳 丕賱丿賮賱丞
1434	El-Amra	丕賱毓丕賲乇丞	4408	El Amra	丕賱毓丕賲乇丞	44	A茂n Defla	毓賷賳 丕賱丿賮賱丞
1441	Mekhatria	丕賱賲禺丕胤乇賷丞	4408	El Amra	丕賱毓丕賲乇丞	44	A茂n Defla	毓賷賳 丕賱丿賮賱丞
1435	El-Attaf	丕賱毓胤丕賮	4410	El Attaf	丕賱毓胤丕賮	44	A茂n Defla	毓賷賳 丕賱丿賮賱丞
1449	Tiberkanine	鬲亘乇賰丕賳賷賳	4410	El Attaf	丕賱毓胤丕賮	44	A茂n Defla	毓賷賳 丕賱丿賮賱丞
1416	Ain-Bouyahia	毓賷賳 亘賵賷丨賷賶	4411	El Abadia	丕賱毓亘丕丿賷丞	44	A茂n Defla	毓賷賳 丕賱丿賮賱丞
1433	El-Abadia	丕賱毓亘丕丿賷丞	4411	El Abadia	丕賱毓亘丕丿賷丞	44	A茂n Defla	毓賷賳 丕賱丿賮賱丞
1447	Tacheta Zegagha	鬲丕卮鬲丞 夭賯丕睾丞	4411	El Abadia	丕賱毓亘丕丿賷丞	44	A茂n Defla	毓賷賳 丕賱丿賮賱丞
1422	Birbouche	亘乇亘賵卮	4412	Djendel	噩賳丿賱	44	A茂n Defla	毓賷賳 丕賱丿賮賱丞
1432	Djendel	噩賳丿賱	4412	Djendel	噩賳丿賱	44	A茂n Defla	毓賷賳 丕賱丿賮賱丞
1443	Oued Chorfa	賵丕丿賷 丕賱卮乇賮丕亍	4412	Djendel	噩賳丿賱	44	A茂n Defla	毓賷賳 丕賱丿賮賱丞
1418	Ain-Lechiakh	毓賷賳 丕賱丕卮賷丕禺	4414	Ain Lechiakh	毓賷賳 丕賱丕卮賷丕禺	44	A茂n Defla	毓賷賳 丕賱丿賮賱丞
1419	Ain-Soltane	毓賷賳 丕賱爻賱胤丕賳	4414	Ain Lechiakh	毓賷賳 丕賱丕卮賷丕禺	44	A茂n Defla	毓賷賳 丕賱丿賮賱丞
1444	Oued Djemaa	賵丕丿 丕賱噩賲毓丞	4414	Ain Lechiakh	毓賷賳 丕賱丕卮賷丕禺	44	A茂n Defla	毓賷賳 丕賱丿賮賱丞
1436	El-Maine	丕賱賲丕賷賳	4416	Rouina	丕賱乇賵賷賳丞	44	A茂n Defla	毓賷賳 丕賱丿賮賱丞
1445	Rouina	丕賱乇賵賷賳丞	4416	Rouina	丕賱乇賵賷賳丞	44	A茂n Defla	毓賷賳 丕賱丿賮賱丞
1450	Zeddine	夭丿賷賳	4416	Rouina	丕賱乇賵賷賳丞	44	A茂n Defla	毓賷賳 丕賱丿賮賱丞
1426	Bir-Ould-Khelifa	亘卅乇 賵賱丿 禺賱賷賮丞	4422	Bordj El Emir Khaled	亘乇噩 丕賱兀賲賷乇 禺丕賱丿	44	A茂n Defla	毓賷賳 丕賱丿賮賱丞
1427	Bordj-Emir-Khaled	亘乇噩 丕賱兀賲賷乇 禺丕賱丿	4422	Bordj El Emir Khaled	亘乇噩 丕賱兀賲賷乇 禺丕賱丿	44	A茂n Defla	毓賷賳 丕賱丿賮賱丞
1448	Tarik-Ibn-Ziad	胤丕乇賯 亘賳 夭賷丕丿	4422	Bordj El Emir Khaled	亘乇噩 丕賱兀賲賷乇 禺丕賱丿	44	A茂n Defla	毓賷賳 丕賱丿賮賱丞
1423	Bathia	亘胤丨賷丞	4431	Bathia	亘胤丨賷丞	44	A茂n Defla	毓賷賳 丕賱丿賮賱丞
1424	Belaas	亘賱毓丕氐	4431	Bathia	亘胤丨賷丞	44	A茂n Defla	毓賷賳 丕賱丿賮賱丞
1438	Hassania	丕賱丨爻丕賳賷丞	4431	Bathia	亘胤丨賷丞	44	A茂n Defla	毓賷賳 丕賱丿賮賱丞
1460	Naama	丕賱賳毓丕賲丞	4501	Naama	丕賱賳毓丕賲丞	45	Na芒ma	丕賱賳毓丕賲丞
1451	Ain Ben Khelil	毓賷賳 亘賳 禺賱賷賱	4502	Mecheria	丕賱賲卮乇賷丞	45	Na芒ma	丕賱賳毓丕賲丞
1455	El Biodh	丕賱亘賷賵囟	4502	Mecheria	丕賱賲卮乇賷丞	45	Na芒ma	丕賱賳毓丕賲丞
1458	Mecheria	丕賱賲卮乇賷丞	4502	Mecheria	丕賱賲卮乇賷丞	45	Na芒ma	丕賱賳毓丕賲丞
1452	Ain Sefra	毓賷賳 丕賱氐賮乇丕亍	4503	Ain Sefra	毓賷賳 丕賱氐賮乇丕亍	45	Na芒ma	丕賱賳毓丕賲丞
1462	Tiout	鬲賷賵鬲	4503	Ain Sefra	毓賷賳 丕賱氐賮乇丕亍	45	Na芒ma	丕賱賳毓丕賲丞
1461	Sfissifa	爻賮賷爻賷賮丞	4505	Sfissifa	爻賮賷爻賷賮丞	45	Na芒ma	丕賱賳毓丕賲丞
1454	Djenienne Bourezg	噩賳賷賳 亘賵乇夭賯	4506	Moghrar	賲睾乇丕乇	45	Na芒ma	丕賱賳毓丕賲丞
1459	Moghrar	賲睾乇丕乇	4506	Moghrar	賲睾乇丕乇	45	Na芒ma	丕賱賳毓丕賲丞
1453	Asla	毓爻賱丞	4507	Asla	毓爻賱丞	45	Na芒ma	丕賱賳毓丕賲丞
1456	Kasdir	丕賱賯氐丿賷乇	4510	Mekmen Ben Amar	賲賰賲賳 亘賳 毓賲丕乇	45	Na芒ma	丕賱賳毓丕賲丞
1457	Makmen Ben Amar	賲賰賲賳 亘賳 毓賲丕乇	4510	Mekmen Ben Amar	賲賰賲賳 亘賳 毓賲丕乇	45	Na芒ma	丕賱賳毓丕賲丞
1466	Ain Temouchent	毓賷賳 鬲賲賵卮賳鬲	4601	Ain Temouchent	毓賷賳 鬲賲賵卮賳鬲	46	A茂n T茅mouchent	毓賷賳 鬲賷賲賵卮賳鬲
1485	Sidi Ben Adda	爻賷丿賷 亘賳 毓丿丞	4601	Ain Temouchent	毓賷賳 鬲賲賵卮賳鬲	46	A茂n T茅mouchent	毓賷賳 鬲賷賲賵卮賳鬲
1472	Chentouf	卮賳鬲賵賮	4604	Hammam Bou Hadjar	丨賲丕賲 亘賵丨噩乇	46	A茂n T茅mouchent	毓賷賳 鬲賷賲賵卮賳鬲
1477	Hammam Bou Hadjar	丨賲丕賲 亘賵丨噩乇	4604	Hammam Bou Hadjar	丨賲丕賲 亘賵丨噩乇	46	A茂n T茅mouchent	毓賷賳 鬲賷賲賵卮賳鬲
1478	Hassasna	丕賱丨爻丕爻賳丞	4604	Hammam Bou Hadjar	丨賲丕賲 亘賵丨噩乇	46	A茂n T茅mouchent	毓賷賳 鬲賷賲賵卮賳鬲
1480	Oued Berkeche	賵丕丿賷 亘乇賯卮	4604	Hammam Bou Hadjar	丨賲丕賲 亘賵丨噩乇	46	A茂n T茅mouchent	毓賷賳 鬲賷賲賵卮賳鬲
1464	Ain El Arbaa	毓賷賳 丕賱兀乇亘毓丕亍	4609	Ain Larbaa	毓賷賳 丕賱兀乇亘毓丕亍	46	A茂n T茅mouchent	毓賷賳 鬲賷賲賵卮賳鬲
1481	Oued Sebbah	賵丕丿賷 丕賱氐亘丕丨	4609	Ain Larbaa	毓賷賳 丕賱兀乇亘毓丕亍	46	A茂n T茅mouchent	毓賷賳 鬲賷賲賵卮賳鬲
1486	Sidi Boumediene	爻賷丿賷 亘賵賲丿賷賳	4609	Ain Larbaa	毓賷賳 丕賱兀乇亘毓丕亍	46	A茂n T茅mouchent	毓賷賳 鬲賷賲賵卮賳鬲
1489	Tamzoura	鬲丕賲夭賵乇丞	4609	Ain Larbaa	毓賷賳 丕賱兀乇亘毓丕亍	46	A茂n T茅mouchent	毓賷賳 鬲賷賲賵卮賳鬲
1471	Chaabat El Ham	卮毓亘丞 丕賱賱丨賲	4614	El Maleh	丕賱賲丕賱丨	46	A茂n T茅mouchent	毓賷賳 鬲賷賲賵卮賳鬲
1474	El Maleh	丕賱賲丕賱丨	4614	El Maleh	丕賱賲丕賱丨	46	A茂n T茅mouchent	毓賷賳 鬲賷賲賵卮賳鬲
1483	Ouled Kihal	兀賵賱丕丿 丕賱賰賷丨賱	4614	El Maleh	丕賱賲丕賱丨	46	A茂n T茅mouchent	毓賷賳 鬲賷賲賵卮賳鬲
1490	Terga	鬲丕乇賯丞	4614	El Maleh	丕賱賲丕賱丨	46	A茂n T茅mouchent	毓賷賳 鬲賷賲賵卮賳鬲
1470	Bouzedjar	亘賵夭噩丕乇	4619	El Amria	丕賱毓丕賲乇賷丞	46	A茂n T茅mouchent	毓賷賳 鬲賷賲賵卮賳鬲
1473	El Amria	丕賱毓丕賲乇賷丞	4619	El Amria	丕賱毓丕賲乇賷丞	46	A茂n T茅mouchent	毓賷賳 鬲賷賲賵卮賳鬲
1475	El Messaid	丕賱賲爻丕毓賷丿	4619	El Amria	丕賱毓丕賲乇賷丞	46	A茂n T茅mouchent	毓賷賳 鬲賷賲賵卮賳鬲
1479	Hassi El Ghella	丨丕爻賷 丕賱睾賱丞	4619	El Amria	丕賱毓丕賲乇賷丞	46	A茂n T茅mouchent	毓賷賳 鬲賷賲賵卮賳鬲
1482	Ouled Boudjemaa	兀賵賱丕丿 亘賵噩賲毓丞	4619	El Amria	丕賱毓丕賲乇賷丞	46	A茂n T茅mouchent	毓賷賳 鬲賷賲賵卮賳鬲
1463	Aghlal	兀睾賱丕賱	4622	Ain Kihel	毓賷賳 丕賱賰賷丨賱	46	A茂n T茅mouchent	毓賷賳 鬲賷賲賵卮賳鬲
1465	Ain Kihal	毓賷賳 丕賱賰賷丨賱	4622	Ain Kihel	毓賷賳 丕賱賰賷丨賱	46	A茂n T茅mouchent	毓賷賳 鬲賷賲賵卮賳鬲
1467	Ain Tolba	毓賷賳 丕賱胤賱亘丞	4622	Ain Kihel	毓賷賳 丕賱賰賷丨賱	46	A茂n T茅mouchent	毓賷賳 鬲賷賲賵卮賳鬲
1468	Aoubellil	毓賯亘 丕賱賱賷賱	4622	Ain Kihel	毓賷賳 丕賱賰賷丨賱	46	A茂n T茅mouchent	毓賷賳 鬲賷賲賵卮賳鬲
1469	Beni Saf	亘賳賷 氐丕賮	4623	Beni Saf	亘賳賷 氐丕賮	46	A茂n T茅mouchent	毓賷賳 鬲賷賲賵卮賳鬲
1476	Emir Abdelkader	丕賱兀賲賷乇 毓亘丿 丕賱賯丕丿乇	4623	Beni Saf	亘賳賷 氐丕賮	46	A茂n T茅mouchent	毓賷賳 鬲賷賲賵卮賳鬲
1488	Sidi Safi	爻賷丿賷 氐丕賮賷	4623	Beni Saf	亘賳賷 氐丕賮	46	A茂n T茅mouchent	毓賷賳 鬲賷賲賵卮賳鬲
1484	Oulhaca El Gheraba	賵賱賴丕氐丞 丕賱睾乇丕亘丞	4625	Oulhassa Gheraba	賵賱賴丕氐丞 丕賱睾乇丕亘丞	46	A茂n T茅mouchent	毓賷賳 鬲賷賲賵卮賳鬲
1487	Sidi Ouriache	爻賷丿賷 賵乇賷丕卮	4625	Oulhassa Gheraba	賵賱賴丕氐丞 丕賱睾乇丕亘丞	46	A茂n T茅mouchent	毓賷賳 鬲賷賲賵卮賳鬲
1496	Ghardaia	睾乇丿丕賷丞	4701	Ghardaia	睾乇丿丕賷丞	47	Gharda茂a	睾乇丿丕賷丞
1493	Dhayet Bendhahoua	囟丕賷丞 亘賳 囟丨賵丞	4703	Dhayet Ben Dhahoua	囟丕賷丞 亘賳 囟丨賵丞	47	Gharda茂a	睾乇丿丕賷丞
1491	Berriane	亘乇賷丕賳	4705	Berriane	亘乇賷丕賳	47	Gharda茂a	睾乇丿丕賷丞
1501	Metlili	賲鬲賱賷賱賷	4705	Metlili	賲鬲賱賷賱賷	47	Gharda茂a	睾乇丿丕賷丞
1502	Sebseb	爻亘爻亘	4705	Metlili	賲鬲賱賷賱賷	47	Gharda茂a	睾乇丿丕賷丞
1497	El Guerrara	丕賱賯乇丕乇丞	4706	El Guerrara	丕賱賯乇丕乇丞	47	Gharda茂a	睾乇丿丕賷丞
1503	Zelfana	夭賱賮丕賳丞	4708	Zelfana	夭賱賮丕賳丞	47	Gharda茂a	睾乇丿丕賷丞
1492	Bounoura	亘賵賳賵乇丞	4710	Bounoura	亘賵賳賵乇丞	47	Gharda茂a	睾乇丿丕賷丞
1494	El Atteuf	丕賱毓胤賮	4710	Bounoura	亘賵賳賵乇丞	47	Gharda茂a	睾乇丿丕賷丞
1500	Mansoura	丕賱賲賳氐賵乇丞	4713	Mansourah	丕賱賲賳氐賵乇丞	47	Gharda茂a	睾乇丿丕賷丞
1495	El Meniaa	丕賱賲賳賷毓丞	4702	El Menia	丕賱賲賳賷毓丞	58	El Menia	丕賱賲賳賷毓丞
1499	Hassi Gara	丨丕爻賷 丕賱賯丕乇丞	4702	El Menia	丕賱賲賳賷毓丞	58	El Menia	丕賱賲賳賷毓丞
1498	Hassi Fehal	丨丕爻賷 丕賱賮丨賱	4713	Mansourah	丕賱賲賳氐賵乇丞	58	El Menia	丕賱賲賳賷毓丞